"cd_estado_municipio";"ds_municipio"
"3171402";Vieiras
"1302504";Manacapuru
"1506906";Santarém Novo
"5221858";Valparaíso de Goiás
"3102902";Antônio Carlos
"2207207";Padre Marcos
"3505005";Barão de Antonina
"2407807";Monte Alegre
"2917409";Jacaraci
"2205706";Luís Correia
"3200508";Apiacá
"2507903";Juripiranga
"2202208";Campo Maior
"5201108";Anápolis
"3169703";Turmalina
"3169109";Toledo
"2402501";Carnaubais
"4121752";Reserva do Iguaçu
"3153301";Presidente Kubitschek
"4104451";Cantagalo
"1301951";Itamarati
"5106703";Ponte Branca
"4302204";Boa Vista do Buricá
"3155306";Rio Manso
"2110005";Santa Luzia
"2925931";Quixabeira
"4311270";Lagoa dos Três Cantos
"5209903";Iaciara
"2920452";Mansidão
"2923100";Olindina
"2806107";Rosário do Catete
"3534708";Ourinhos
"2607802";Itaquitinga
"4212304";Paulo Lopes
"3506003";Bauru
"4307906";Farroupilha
"3172004";Visconde do Rio Branco
"3526803";Lençóis Paulista
"2305308";Ibiapina
"4306601";Dom Pedrito
"2925303";Porto Seguro
"3523107";Itaquaquecetuba
"2901155";América Dourada
"4109757";Ibema
"4320602";Severiano de Almeida
"5213004";Maurilândia
"4306734";Doutor Maurício Cardoso
"2928901";São Desidério
"5205901";Corumbaíba
"4307815";Estrela Velha
"5219100";Santa Bárbara de Goiás
"2929909";Seabra
"3305158";São José do Vale do Rio Preto
"2205581";Lagoa do Piauí
"3113701";Carlos Chagas
"1100924";Chupinguaia
"2207553";Paquetá
"2405900";João Dias
"3165305";São Vicente de Minas
"4218954";Urupema
"3122108";Divino das Laranjeiras
"4107009";Curiúva
"2705507";Murici
"2201572";Belém do Piauí
"2111052";São João do Paraíso
"2502102";Boa Ventura
"4114203";Mandaguari
"3138682";Luislândia
"2708402";São José da Tapera
"3125309";Faria Lemos
"2923803";Paripiranga
"3521408";Iracemápolis
"3113503";Carbonita
"3115607";Cedro do Abaeté
"3533403";Nova Odessa
"3120839";Cuparaque
"3120607";Crucilândia
"3544301";Roseira
"2804201";Monte Alegre de Sergipe
"4319711";São Valentim do Sul
"3529807";Mineiros do Tietê
"4322533";Vale do Sol
"3526209";Juquitiba
"2919405";Licínio de Almeida
"3504404";Avanhandava
"3529609";Meridiano
"2608800";Lajedo
"3112000";Candeias
"3147709";Passa Tempo
"2803302";Japaratuba
"2919702";Macarani
"2926657";Ribeirão do Largo
"2301851";Banabuiú
"1503457";Ipixuna do Pará
"3525805";Júlio Mesquita
"3169802";Turvolândia
"1304005";Silves
"1301902";Itacoatiara
"5106281";Novo São Joaquim
"3545100";Salmourão
"3124005";Ervália
"3143609";Morro da Garça
"4322855";Vespasiano Corrêa
"2910503";Entre Rios
"4121257";Ramilândia
"3202207";Fundão
"3132602";Itamarati de Minas
"2900306";Acajutiba
"3165578";Senador Amaral
"4111209";Itapejara d'Oeste
"2500809";Araçagi
"4320107";Sarandi
"4320404";Serafina Corrêa
"3548302";Santo Expedito
"2108405";Peri Mirim
"3169356";Três Marias
"4202305";Biguaçu
"3504008";Assis
"2507002";Itaporanga
"4121208";Quitandinha
"2904308";Brejões
"2111029";São João do Carú
"4218806";Turvo
"5215009";Nova Veneza
"1705508";Colinas do Tocantins
"1101203";Ministro Andreazza
"3162658";São João do Pacuí
"3541604";Promissão
"2103604";Coroatá
"5215306";Orizona
"3113404";Caratinga
"2910859";Filadélfia
"4209102";Joinville
"3121605";Diamantina
"3101805";Alpercata
"3200136";Águia Branca
"1504950";Nova Esperança do Piriá
"2108058";Paulino Neves
"4111258";Itaperuçu
"1505437";Ourilândia do Norte
"3165560";Sem-Peixe
"2206654";Morro Cabeça no Tempo
"4311700";Machadinho
"3131901";Itabirito
"2301802";Baixio
"2304806";Granjeiro
"5211206";Itapuranga
"4201000";Anita Garibaldi
"4124103";Santo Antônio da Platina
"4321808";Três de Maio
"4115200";Maringá
"5008404";Vicentina
"1400282";Iracema
"2103406";Coelho Neto
"3544509";Rubinéia
"4318457";São José das Missões
"2908705";Condeúba
"3160603";Santo Hipólito
"4216503";São Joaquim
"3522109";Itanhaém
"4304689";Capela de Santana
"3531803";Monte Mor
"2303105";Cariré
"3165206";São Tomé das Letras
"2909406";Cotegipe
"3128303";Guaranésia
"2912509";Ibipitanga
"4315602";Rio Grande
"3156908";Sacramento
"3114402";Carmo do Rio Claro
"4319372";São Pedro do Butiá
"2616407";Vitória de Santo Antão
"2615300";Timbaúba
"3549003";São Francisco
"3504206";Auriflama
"4103453";Cafelândia
"2109452";Raposa
"3158953";Santana do Paraíso
"2109908";Santa Inês
"5107248";Santa Carmem
"5203609";Brazabrantes
"4304002";Campo Novo
"4112751";Jesuítas
"3554409";Terra Roxa
"2612307";Saloá
"2502706";Borborema
"5204805";Campo Alegre de Goiás
"1302702";Manicoré
"3162906";São João Nepomuceno
"3161601";São Geraldo da Piedade
"4315008";Porto Lucena
"1703883";Carmolândia
"5104104";Guarantã do Norte
"2803203";Itaporanga d'Ajuda
"3114600";Carrancas
"5210802";Itajá
"3143450";Montezuma
"4209854";Lindóia do Sul
"5006275";Paraíso das Águas
"3159407";Santa Rita de Ibitipoca
"3517406";Guaíra
"2921708";Morro do Chapéu
"2706901";Pilar
"3148400";Paulistas
"4202800";Braço do Norte
"3123007";Dores de Campos
"5219704";Santa Terezinha de Goiás
"5201801";Aragoiânia
"3523503";Itatinga
"1501782";Breu Branco
"4108205";Formosa do Oeste
"3140803";Matias Barbosa
"2305001";Guaraciaba do Norte
"3542701";Restinga
"1303700";Santo Antônio do Içá
"4313904";Panambi
"2613503";São José do Belmonte
"4206504";Guaramirim
"4120200";Porto Rico
"1502954";Eldorado do Carajás
"4127601";Tijucas do Sul
"4202701";Botuverá
"2905800";Camamu
"2517100";Várzea
"3203908";Nova Venécia
"3165008";São Tiago
"3533205";Nova Independência
"4109104";Guaporema
"4311122";Jaquirana
"2312700";Senador Pompeu
"2500106";Água Branca
"2924207";Pedro Alexandre
"3204252";Ponto Belo
"1303304";Novo Aripuanã
"2921450";Mirante
"2306405";Itapipoca
"5008008";Terenos
"4118204";Paranaguá
"3202801";Itapemirim
"4313607";Paim Filho
"2106300";Magalhães de Almeida
"5100300";Alto Araguaia
"4216354";São João do Itaperiú
"2706505";Passo de Camaragibe
"2903706";Boa Nova
"2707909";Santa Luzia do Norte
"5107156";Reserva do Cabaçal
"3106705";Betim
"2313559";Tururu
"2604601";Condado
"4204756";Cunhataí
"2208858";Riacho Frio
"2206001";Marcos Parente
"4310652";Itati
"3538006";Pindamonhangaba
"3141900";Minduri
"4320453";Sério
"2104081";Fernando Falcão
"3141108";Matozinhos
"4310553";Itacurubi
"2919926";Madre de Deus
"4312617";Muitos Capões
"5212105";Joviânia
"4301552";Áurea
"3153806";Queluzito
"3528502";Mairiporã
"5007307";Rio Negro
"4112702";Jataizinho
"2900405";Água Fria
"3303005";Miracema
"2400703";Alto do Rodrigues
"3542008";Quintana
"4321634";Três Arroios
"1507755";Sapucaia
"2306603";Itatira
"3538808";Piraju
"2104677";Governador Nunes Freire
"2204709";Inhuma
"4212007";Palma Sola
"4307864";Fagundes Varela
"2106359";Marajá do Sena
"4207684";Ipuaçu
"2310951";Pires Ferreira
"1600402";Mazagão
"2706208";Palestina
"2411908";São Francisco do Oeste
"2908408";Conceição do Coité
"3300803";Cachoeiras de Macacu
"3111200";Campo Belo
"2706000";Olivença
"1705557";Combinado
"5221601";Uruaçu
"3517703";Guará
"5103056";Cláudia
"3541000";Praia Grande
"3532801";Nova Aliança
"3302700";Maricá
"2509602";Monte Horebe
"4210407";Maracajá
"3520442";Ilha Solteira
"2110237";Santana do Maranhão
"4104006";Campina Grande do Sul
"4305124";Cerrito
"2502508";Boqueirão
"3104403";Argirita
"2513208";Santa Cruz
"2109809";Santa Helena
"3553807";Taquarituba
"3130507";Ilicínea
"3200169";Água Doce do Norte
"4102000";Assis Chateaubriand
"4101051";Anahy
"2921401";Mirangaba
"2922755";Nova Ibiá
"2910305";Elísio Medrado
"4322509";Vacaria
"5206800";Damolândia
"2409902";Pendências
"3204708";São Gabriel da Palha
"4302238";Boa Vista do Incra
"1503903";Juruti
"2310803";Pereiro
"5107305";São José do Rio Claro
"4103222";Bom Sucesso do Sul
"2103158";Centro do Guilherme
"2917805";Jaguaripe
"1703701";Brejinho de Nazaré
"5204557";Caldazinha
"1101807";Vale do Paraíso
"3158003";Santa Maria de Itabira
"2403400";Equador
"3147600";Passa Quatro
"3521705";Itaberá
"3150307";Piedade do Rio Grande
"1701002";Ananás
"3124203";Espera Feliz
"1100023";Ariquemes
"3124609";Estrela Dalva
"2925501";Prado
"4106456";Coronel Domingos Soares
"4307559";Estação
"4104204";Campo Largo
"2207959";Nova Santa Rita
"2806008";Ribeirópolis
"2208205";Pio IX
"2307650";Maracanaú
"2112605";Urbano Santos
"1600238";Ferreira Gomes
"3145604";Oliveira
"2904852";Cabaceiras do Paraguaçu
"4303202";Cacique Doble
"2802007";Divina Pastora
"4106704";Cruzeiro do Sul
"4100103";Abatiá
"4306205";Cruzeiro do Sul
"3537107";Pedreira
"2609709";Orobó
"3515004";Embu das Artes
"3108503";Botumirim
"3301504";Cordeiro
"2202307";Canto do Buriti
"3145109";Nova Resende
"1600204";Calçoene
"2413409";Serra Negra do Norte
"2200103";Agricolândia
"2919157";Lapão
"5106174";Nova Nazaré
"4301107";Arroio dos Ratos
"2211605";Vila Nova do Piauí
"2933208";Vera Cruz
"3205010";Sooretama
"3115201";Conceição da Barra de Minas
"2603603";Camutanga
"3110509";Camanducaia
"4214805";Rio do Sul
"3158607";Santana do Deserto
"2110302";Santo Antônio dos Lopes
"1508050";Trairão
"2704500";Maragogi
"4306908";Encruzilhada do Sul
"4321402";Tenente Portela
"3509502";Campinas
"2610707";Paulista
"3502002";Analândia
"5220454";Senador Canedo
"2410207";Portalegre
"5213806";Morrinhos
"5002902";Cassilândia
"2503506";Cacimba de Dentro
"1720655";Silvanópolis
"4102505";Barbosa Ferraz
"5106232";Nova Olímpia
"2907004";Cardeal da Silva
"3502754";Araçariguama
"4205902";Gaspar
"3513603";Cunha
"2702603";Feira Grande
"4310702";Itatiba do Sul
"4109609";Guaratuba
"4312385";Monte Belo do Sul
"5007109";Ribas do Rio Pardo
"3531209";Monte Alegre do Sul
"2903003";Barra do Mendes
"4317707";Santo Antônio das Missões
"2100501";Alto Parnaíba
"4116950";Nova Esperança do Sudoeste
"1503101";Gurupá
"4305934";Coronel Pilar
"3546207";Santa Cruz da Conceição
"2922250";Muquém do São Francisco
"3203056";Jaguaré
"1505494";Palestina do Pará
"4217709";Sombrio
"4320354";Sentinela do Sul
"3128006";Guanhães
"3514908";Elias Fausto
"4104402";Cândido de Abreu
"3146909";Papagaios
"3304706";Santo Antônio de Pádua
"3159209";Santa Rita de Caldas
"4322327";Turuçu
"3125804";Fernandes Tourinho
"2102408";Cajapió
"3115102";Cássia
"3543501";Riversul
"3543600";Rifaina
"3200904";Barra de São Francisco
"1506138";Redenção
"4313102";Nova Palma
"2109106";Presidente Dutra
"4323309";Vila Flores
"2514305";São José de Caiana
"2305605";Independência
"1712405";Lizarda
"2913002";Ibitiara
"4125555";São Manoel do Paraná
"5212253";Lagoa Santa
"2210656";Sigefredo Pacheco
"3203346";Marechal Floriano
"3554201";Tejupá
"2505105";Cuité
"2204808";Ipiranga do Piauí
"1703800";Buriti do Tocantins
"2104552";Governador Edison Lobão
"2805802";Riachão do Dantas
"1301654";Guajará
"5220264";São Miguel do Passa Quatro
"5002704";Campo Grande
"2932200";Ubaitaba
"2402709";Cerro Corá
"3533601";Nuporanga
"2605608";Flores
"2702801";Flexeiras
"4200754";Alto Bela Vista
"4304663";Capão do Leão
"2410405";Pureza
"3306206";Vassouras
"4320909";Tapejara
"5219308";Santa Helena de Goiás
"2403806";Florânia
"4105706";Clevelândia
"3149002";Pedra Dourada
"4219200";Vidal Ramos
"3202454";Ibatiba
"2709103";Taquarana
"5213087";Minaçu
"1720309";São Sebastião do Tocantins
"3130804";Ingaí
"4115002";Marilena
"1303908";São Paulo de Olivença
"5206909";Davinópolis
"1100940";Cujubim
"4118105";Paranacity
"3506904";Bofete
"4201208";Antônio Carlos
"2205854";Madeiro
"1101500";Seringueiras
"2207751";Passagem Franca do Piauí
"3512100";Colômbia
"2304004";Coreaú
"2305902";Ipueiras
"2614204";Sirinhaém
"4323457";Vila Nova do Sul
"3165503";Sardoá
"3532843";Nova Canaã Paulista
"2108306";Penalva
"4318804";São Lourenço do Sul
"3536802";Pedra Bela
"1100304";Vilhena
"3103900";Araújos
"2502052";Bernardino Batista
"2411205";Santa Cruz
"3556602";Vera Cruz
"5101803";Barra do Garças
"3303203";Nilópolis
"5104500";Indiavaí
"1722107";Xambioá
"3205309";Vitória
"2930907";Tabocas do Brejo Velho
"2602704";Buenos Aires
"3138625";Limeira do Oeste
"4300604";Alvorada
"2408805";Parazinho
"3534609";Osvaldo Cruz
"2924108";Pedrão
"4300406";Alegrete
"3169901";Ubá
"1508084";Tucumã
"3524808";Jales
"3305802";Teresópolis
"2111201";São José de Ribamar
"4311502";Lavras do Sul
"1704600";Chapada de Areia
"3507100";Bom Jesus dos Perdões
"2410256";Porto do Mangue
"5106505";Poconé
"4206751";Ibiam
"2930709";Simões Filho
"3143302";Montes Claros
"4306007";Crissiumal
"3203304";Mantenópolis
"3101904";Alpinópolis
"4306056";Cristal
"5204706";Campinorte
"2504603";Conde
"3126406";Fortuna de Minas
"3142304";Moeda
"2911659";Guajeru
"2707602";Quebrangulo
"2615409";Toritama
"5214879";Nova Iguaçu de Goiás
"2909505";Cravolândia
"4109005";Guapirama
"5003454";Deodápolis
"5209200";Guapó
"3547502";Santa Rita do Passa Quatro
"2709152";Teotônio Vilela
"5108907";Nova Maringá
"2605004";Cupira
"2930303";Serra Dourada
"4217253";São Pedro de Alcântara
"2202539";Caraúbas do Piauí
"4101200";Antonina
"4111605";Ivatuba
"3169208";Tombos
"3539905";Poloni
"2927309";Salinas da Margarida
"2916609";Itapitanga
"2412807";São Rafael
"3164704";São Sebastião do Paraíso
"5218508";Quirinópolis
"4323358";Vila Lângaro
"3108701";Brás Pires
"3128600";Guarda-Mor
"4122602";Rondon
"2930600";Serrolândia
"4203204";Camboriú
"3109808";Cachoeira Dourada
"3542602";Registro
"5217203";Piranhas
"5216304";Paranaiguara
"1708304";Goianorte
"3556305";Valparaíso
"3154408";Ressaquinha
"2309706";Pacatuba
"3510609";Carapicuíba
"2909604";Crisópolis
"3202504";Ibiraçu
"4202404";Blumenau
"3155900";Rio Preto
"3126505";Francisco Badaró
"2616308";Vicência
"5203575";Bonópolis
"1501501";Benevides
"2922904";Nova Soure
"4205456";Forquilhinha
"4103404";Cafeara
"3145455";Olhos-d'Água
"3162708";São João do Paraíso
"2913457";Igrapiúna
"1300086";Anamã
"4315149";Presidente Lucena
"2914307";Iramaia
"4308458";Fortaleza dos Valos
"5220108";São Luís de Montes Belos
"3161809";São Gonçalo do Pará
"3163805";São Miguel do Anta
"2405702";Jardim do Seridó
"4301305";Arroio Grande
"1709302";Guaraí
"2403301";Encanto
"3515509";Fernandópolis
"1504703";Moju
"2917904";Jandaíra
"1302207";Juruá
"3112901";Caputira
"3540101";Pongaí
"3138708";Luminárias
"3527207";Lorena
"1502202";Capanema
"2918357";João Dourado
"3201506";Colatina
"2914109";Ipupiara
"4102802";Bela Vista do Paraíso
"3521903";Itajobi
"4314209";Pedro Osório
"3122470";Dom Bosco
"4301800";Barracão
"4316501";Salvador do Sul
"4116307";Munhoz de Melo
"2700508";Barra de Santo Antônio
"2207793";Pau D'Arco do Piauí
"3159001";Santana do Riacho
"2205300";Jerumenha
"3544400";Rubiácea
"2313757";Umirim
"2609402";Moreno
"2306256";Itaitinga
"5204250";Cachoeira Dourada
"5205059";Castelândia
"2602803";Buíque
"3108305";Borda da Mata
"3532058";Motuca
"2404804";Ipueira
"4126207";Sapopema
"4306924";Engenho Velho
"2612471";Santa Cruz da Baixa Verde
"4122107";Rio Bom
"2209856";São João da Canabrava
"3166600";Serra da Saudade
"2708204";São Brás
"3500758";Alambari
"2309805";Pacoti
"5203500";Bom Jesus de Goiás
"3536570";Paulistânia
"4318507";São José do Norte
"4301057";Arroio do Sal
"4206652";Guatambú
"5105002";Jauru
"2614600";Tabira
"3539806";Poá
"2101731";Belágua
"3132800";Itambé do Mato Dentro
"2911501";Gongogi
"3164431";São Sebastião da Vargem Alegre
"1303403";Parintins
"5209291";Guaraíta
"3114303";Carmo do Paranaíba
"4300877";Araricá
"3145703";Oliveira Fortes
"2700904";Belo Monte
"4212601";Peritiba
"1502004";Cachoeira do Arari
"3504800";Bálsamo
"2914505";Irará
"2800308";Aracaju
"3164902";São Sebastião do Rio Verde
"2201408";Barro Duro
"2205904";Manoel Emídio
"5003801";Fátima do Sul
"3139300";Manga
"3113107";Caranaíba
"4209458";Lajeado Grande
"2205359";João Costa
"3172103";Volta Grande
"4217956";Tigrinhos
"5205000";Carmo do Rio Verde
"5207352";Edealina
"5105234";Lambari D'Oeste
"2307304";Juazeiro do Norte
"3543253";Ribeirão Grande
"4308409";Formigueiro
"2210003";São João do Piauí
"3510104";Cândido Rodrigues
"2606408";Gravatá
"1304237";Tonantins
"5107065";Querência
"4109500";Guaraqueçaba
"3547809";Santo André
"2201176";Barra D'Alcântara
"2615805";Tupanatinga
"1400050";Alto Alegre
"2404705";Ipanguaçu
"4305959";Cotiporã
"3542404";Regente Feijó
"2702405";Delmiro Gouveia
"2500908";Arara
"2512077";Poço de José de Moura
"2105153";Igarapé do Meio
"2800100";Amparo do São Francisco
"2509339";Matinhas
"4216008";São Carlos
"4200606";Águas Mornas
"4112108";Jandaia do Sul
"1504604";Mocajuba
"3520004";Igaraçu do Tietê
"4119251";Pinhal de São Bento
"4128203";União da Vitória
"2109551";Ribamar Fiquene
"4305132";Cerro Branco
"2501906";Belém
"2701100";Branquinha
"2200608";Angical do Piauí
"3120151";Crisólita
"2506905";Itabaiana
"2414753";Venha-Ver
"5107958";Tangará da Serra
"3507803";Brodowski
"1503804";Jacundá
"2211704";Wall Ferraz
"5210109";Ipameri
"3304524";Rio das Ostras
"3532900";Nova Europa
"4100608";Alto Paraná
"2707107";Piranhas
"2930774";Sobradinho
"2209971";São João do Arraial
"3123908";Entre Rios de Minas
"2911600";Governador Mangabeira
"5100508";Alto Paraguai
"3170800";Várzea da Palma
"2503100";Cabaceiras
"2920908";Mascote
"2924678";Piraí do Norte
"2805703";Propriá
"3111903";Cana Verde
"4204400";Coronel Freitas
"3537602";Peruíbe
"2104800";Grajaú
"2307908";Martinópole
"3535606";Paraibuna
"3162450";São João das Missões
"2802403";Gararu
"3523909";Itu
"3163706";São Lourenço
"2923209";Oliveira dos Brejinhos
"2923357";Ourolândia
"3127800";Grão Mogol
"3108008";Bom Sucesso
"1200435";Santa Rosa do Purus
"1302009";Itapiranga
"2401305";Campo Grande
"3100807";Aguanil
"5000609";Amambai
"3551801";Sete Barras
"3508504";Caçapava
"3133709";Itatiaiuçu
"3157252";Santa Bárbara do Leste
"2931004";Tanhaçu
"2923001";Nova Viçosa
"4123600";Santa Inês
"3113800";Carmésia
"3129806";Ibirité
"2413706";Sítio Novo
"3134103";Itueta
"3513207";Cristais Paulista
"3170602";Vargem Bonita
"3128709";Guaxupé
"2501005";Araruna
"4126405";Sertaneja
"1200104";Brasiléia
"3518800";Guarulhos
"4217550";Serra Alta
"1400027";Amajari
"3527801";Lupércio
"2803708";Macambira
"2301505";Arneiroz
"4100509";Altônia
"3142601";Monsenhor Paulo
"3118700";Coqueiral
"4306353";Dezesseis de Novembro
"2500601";Alhandra
"3203106";Jerônimo Monteiro
"3103504";Araguari
"1718501";Recursolândia
"3530003";Mira Estrela
"2800407";Arauá
"3500501";Águas de Lindóia
"3527009";Lindóia
"2916807";Itarantim
"5213772";Montividiu do Norte
"4321329";Taquaruçu do Sul
"2912905";Ibirataia
"2102507";Cajari
"3205150";Vila Pavão
"2601805";Betânia
"3524600";Jacupiranga
"4217204";São Miguel do Oeste
"2612406";Sanharó
"4110201";Inácio Martins
"3547601";Santa Rosa de Viterbo
"5220405";São Simão
"4305603";Colorado
"3505609";Barrinha
"2708956";Senador Rui Palmeira
"4202008";Balneário Camboriú
"3507209";Borá
"2406908";Lucrécia
"5108006";Tapurah
"3143005";Monte Belo
"2111532";São Pedro da Água Branca
"4309555";Harmonia
"1400308";Mucajaí
"4207650";Iporã do Oeste
"3144508";Nazareno
"4126009";São Sebastião da Amoreira
"2608057";Jatobá
"2924306";Piatã
"3168002";Taiobeiras
"3108255";Bonito de Minas
"3203205";Linhares
"1503002";Faro
"1715002";Nova Rosalândia
"4127965";Turvo
"3152501";Pouso Alegre
"4107504";Engenheiro Beltrão
"4117453";Ouro Verde do Oeste
"2103174";Centro Novo do Maranhão
"5211701";Jandaia
"2910404";Encruzilhada
"2510907";Paulista
"4202453";Bombinhas
"2405405";Japi
"5106224";Nova Mutum
"3512803";Cosmópolis
"2805208";Pinhão
"2502151";Boa Vista
"4212254";Passo de Torres
"3167004";Serranos
"3134806";Jacuí
"3160959";São Domingos das Dores
"1501105";Bagre
"1100106";Guajará-Mirim
"3543105";Ribeirão Corrente
"2807501";Tomar do Geru
"5213905";Mossâmedes
"3532108";Murutinga do Sul
"2908309";Conceição do Almeida
"4215554";Santa Helena
"3171006";Vazante
"2613305";São Joaquim do Monte
"3538204";Pinhalzinho
"2414407";Touros
"4122503";Roncador
"2205516";Juazeiro do Piauí
"4321956";Trindade do Sul
"2914000";Ipirá
"2407005";Luís Gomes
"5214507";Nerópolis
"5218391";Professor Jamil
"3171501";Mathias Lobato
"3135050";Jaíba
"4309506";Guarani das Missões
"4120606";Prudentópolis
"3145851";Oratórios
"4323754";Vitória das Missões
"3518859";Guatapará
"2100709";Anajatuba
"4111308";Itaúna do Sul
"5102603";Campinápolis
"2802502";General Maynard
"1302900";Maués
"2402105";Campo Redondo
"1507508";São João do Araguaia
"2703502";Jacuípe
"2302701";Campos Sales
"4320651";Silveira Martins
"2704203";Limoeiro de Anadia
"1712157";Lavandeira
"2511301";Piancó
"4203907";Capinzal
"5108352";Vale de São Domingos
"3540309";Pontes Gestal
"3132107";Itacarambi
"2111748";Senador Alexandre Costa
"4315107";Porto Xavier
"4205191";Ermo
"4106555";Corumbataí do Sul
"1700251";Abreulândia
"4213906";Presidente Castello Branco
"3509106";Caiuá
"3531902";Morro Agudo
"5215900";Palminópolis
"4206009";Governador Celso Ramos
"4112207";Janiópolis
"4316972";Santa Margarida do Sul
"3532868";Nova Castilho
"2308807";Moraújo
"2705606";Novo Lino
"3512506";Coroados
"2512606";Quixaba
"5105176";Juruena
"3554706";Torrinha
"3540853";Pracinha
"3301603";Duas Barras
"3115458";Catuji
"2927606";Santa Brígida
"1502400";Castanhal
"4208955";Jardinópolis
"3518305";Guararema
"2401909";Caiçara do Rio do Vento
"4118857";Perobal
"2911105";Formosa do Rio Preto
"3303906";Petrópolis
"2311504";Quixeré
"4314175";Pedras Altas
"2701001";Boca da Mata
"4217154";São Miguel da Boa Vista
"4126256";Sarandi
"2928950";São Domingos
"3112307";Capelinha
"5108808";Nova Guarita
"5209408";Guarani de Goiás
"3514106";Dois Córregos
"3159308";Santa Rita de Jacutinga
"5106273";Novo Horizonte do Norte
"1716109";Paraíso do Tocantins
"3114907";Casa Grande
"3127388";Goianá
"3131406";Ipiaçu
"3200409";Anchieta
"3204005";Pancas
"4204707";Cunha Porã
"5107800";Santo Antônio de Leverger
"2705002";Mata Grande
"4318606";São José do Ouro
"2409209";Passagem
"3513108";Cravinhos
"2407203";Macau
"1200807";Porto Acre
"4314605";Piratini
"2515906";Serraria
"1101708";Urupá
"2311355";Quixelô
"5201306";Anicuns
"3108107";Bonfim
"4219101";Vargeão
"3202652";Irupi
"3126752";Franciscópolis
"2303956";Chorozinho
"2101004";Arari
"4202073";Balneário Gaivota
"2414456";Triunfo Potiguar
"4302451";Boqueirão do Leão
"2511103";Pedra Lavrada
"2900702";Alagoinhas
"3155801";Rio Pomba
"1200351";Marechal Thaumaturgo
"1300201";Atalaia do Norte
"3547205";Santana da Ponte Pensa
"1100205";Porto Velho
"3102209";Alvarenga
"3305554";Seropédica
"2305266";Ibaretama
"4311759";Manoel Viana
"3546306";Santa Cruz das Palmeiras
"2404408";Grossos
"1100114";Jaru
"4219606";Xavantina
"2913606";Ilhéus
"3517307";Guaimbê
"2516409";Tacima
"4302600";Braga
"4123402";Santa Fé
"1301209";Coari
"2701209";Cacimbinhas
"2911006";Floresta Azul
"4218756";Tunápolis
"2209708";São Francisco do Piauí
"2311264";Quiterianópolis
"2907558";Caturama
"2313203";Tamboril
"5210604";Itaguaru
"2204204";Francisco Santos
"2929750";Saubara
"5103809";Figueirópolis D'Oeste
"3201100";Bom Jesus do Norte
"2804805";Nossa Senhora do Socorro
"1707009";Dianópolis
"3155108";Rio do Prado
"2106755";Miranda do Norte
"1508035";Tracuateua
"4110409";Indianópolis
"2925709";Presidente Jânio Quadros
"3166808";Serra do Salitre
"2707206";Poço das Trincheiras
"1710706";Itaguatins
"4311403";Lajeado
"5216007";Panamá
"4322251";Tupandi
"4101150";Ângulo
"4117602";Palmas
"1504752";Mojuí dos Campos
"3557154";Zacarias
"2804003";Maruim
"4321501";Torres
"4317400";Santiago
"4310439";Ipê
"4104303";Campo Mourão
"2924801";Piritiba
"4212056";Palmeira
"2926400";Riacho de Santana
"5220207";São Miguel do Araguaia
"3305703";Sumidouro
"4307831";Eugênio de Castro
"4303301";Caibaté
"5107750";Salto do Céu
"3142908";Monte Azul
"2409605";Pedra Preta
"2513000";Salgadinho
"3503307";Araras
"4204004";Catanduvas
"2101251";Bacabeira
"3557105";Votuporanga
"4121604";Renascença
"2510501";Olivedos
"3303807";Paraty
"3204658";São Domingos do Norte
"4123808";Santa Izabel do Oeste
"2902807";Barra da Estiva
"1712454";Luzinópolis
"4309571";Herveiras
"2110104";Santa Quitéria do Maranhão
"5212808";Mara Rosa
"2413607";Severiano Melo
"3167608";Simonésia
"3522307";Itapetininga
"2613008";São Bento do Una
"3533700";Ocauçu
"2308401";Missão Velha
"4118501";Pato Branco
"4128302";Uniflor
"4302006";Barros Cassal
"3131802";Itabirinha
"2506202";Frei Martinho
"5214861";Nova Glória
"2403905";Francisco Dantas
"2304277";Ereré
"2511707";Pilõezinhos
"3205002";Serra
"2606002";Garanhuns
"4300554";Alto Alegre
"4306700";Dona Francisca
"2100550";Amapá do Maranhão
"3201159";Brejetuba
"3543808";Rinópolis
"1500107";Abaetetuba
"3550704";São Sebastião
"1101104";Itapuã do Oeste
"1300029";Alvarães
"3171303";Viçosa
"1707306";Dueré
"4319604";São Sepé
"2612000";Sairé
"3534500";Oscar Bressane
"2111300";São Luís
"2101707";Barreirinhas
"4203105";Caibi
"4302907";Cacequi
"3151008";Piranguinho
"4117222";Nova Santa Rosa
"4120150";Porto Barreiro
"4107553";Farol
"2110807";São Félix de Balsas
"2409407";Pau dos Ferros
"2209807";São Gonçalo do Piauí
"3528304";Magda
"4114005";Mamborê
"4321204";Taquara
"3105608";Barbacena
"1505486";Pacajá
"3503000";Aramina
"5211909";Jataí
"2700607";Barra de São Miguel
"4204905";Descanso
"3540606";Porto Feliz
"4215604";Santa Rosa de Lima
"2306504";Itapiúna
"2107001";Montes Altos
"2207504";Palmeirais
"2928505";Santa Terezinha
"2501500";Bananeiras
"3130309";Iguatama
"1504307";Maracanã
"2607653";Itambé
"3121209";Delfinópolis
"4113429";Lidianópolis
"5001003";Aparecida do Taboado
"3162005";São Gonçalo do Sapucaí
"3131604";Iraí de Minas
"4311429";Lajeado do Bugre
"2601003";Angelim
"4210803";Meleiro
"4213807";Praia Grande
"2405207";Janduís
"1101005";Governador Jorge Teixeira
"4309407";Guaporé
"4321626";Travesseiro
"3301850";Guapimirim
"4215406";Salto Veloso
"4305801";Constantina
"2614857";Tamandaré
"4312054";Marques de Souza
"3151701";Poço Fundo
"1712702";Mateiros
"1101492";São Francisco do Guaporé
"2206704";Nazaré do Piauí
"3545704";Santa Albertina
"2206902";Novo Oriente do Piauí
"3159902";Santo Antônio do Amparo
"5215652";Palestina de Goiás
"2200400";Altos
"4107520";Esperança Nova
"4312500";Mostardas
"4318622";São José dos Ausentes
"5000856";Angélica
"2517001";Umbuzeiro
"4201257";Apiúna
"2104404";Gonçalves Dias
"2209302";Santa Luz
"2804508";Nossa Senhora da Glória
"3504602";Bady Bassitt
"2506400";Gurinhém
"1501451";Belterra
"1503606";Itaituba
"5200555";Alto Horizonte
"5214838";Nova Crixás
"2708501";São Luís do Quitunde
"2510402";Olho d'Água
"2500403";Alagoa Nova
"5204201";Cachoeira de Goiás
"4300307";Alecrim
"3521200";Iporanga
"4212700";Petrolândia
"2300606";Altaneira
"2516706";Teixeira
"4300661";André da Rocha
"4117206";Nova Olímpia
"4206108";Grão-Pará
"2928208";Santana
"4313490";Novo Barreiro
"2801702";Cristinápolis
"3200805";Baixo Guandu
"3129202";Heliodora
"3155207";Rio Espera
"3129509";Ibiá
"2107803";Parnarama
"3538907";Pirajuí
"2103208";Chapadinha
"5201454";Aparecida do Rio Doce
"2203420";Domingos Mourão
"2201705";Bertolínia
"2516201";Sousa
"1506351";Santa Bárbara do Pará
"3535002";Palestina
"4114302";Mandirituba
"2924009";Paulo Afonso
"3546801";Santa Isabel
"2112852";Vila Nova dos Martírios
"2514008";São João do Cariri
"1717503";Pium
"2201988";Brejo do Piauí
"2100956";Arame
"3545605";Santa Adélia
"4204103";Caxambu do Sul
"2305654";Ipaporanga
"3145901";Ouro Branco
"2608305";Jupi
"2311801";Russas
"3121100";Delfim Moreira
"2512002";Pocinhos
"2104503";Governador Archer
"4205159";Doutor Pedrinho
"3126000";Florestal
"3169307";Três Corações
"3508801";Cafelândia
"2608255";Jucati
"5220686";Simolândia
"3300308";Barra do Piraí
"4121109";Quinta do Sol
"2100477";Alto Alegre do Pindaré
"2307601";Limoeiro do Norte
"2701902";Chã Preta
"3154150";Reduto
"4306106";Cruz Alta
"3153608";Prudente de Morais
"3114006";Carmo da Mata
"4107546";Espigão Alto do Iguaçu
"2515203";São Sebastião do Umbuzeiro
"1701101";Aparecida do Rio Negro
"2918407";Juazeiro
"3533254";Novais
"4313425";Novo Machado
"2600203";Afrânio
"1500701";Anajás
"1100031";Cabixi
"2913309";Ichu
"2517407";Zabelê
"3159100";Santana dos Montes
"2701506";Campo Grande
"3120508";Cristina
"3505302";Barra Bonita
"3118601";Contagem
"3143906";Muriaé
"5202809";Avelinópolis
"2202455";Capitão Gervásio Oliveira
"4212205";Papanduva
"3302858";Mesquita
"5003504";Douradina
"3111408";Campo Florido
"4322152";Tunas
"1505650";Placas
"2606507";Iati
"4124301";Santo Antônio do Paraíso
"5003751";Eldorado
"5000252";Alcinópolis
"2901700";Antônio Cardoso
"3553856";Taquarivaí
"3146503";Pains
"3201209";Cachoeiro de Itapemirim
"4202107";Barra Velha
"4307104";Herval
"2307254";Jijoca de Jericoacoara
"1300102";Anori
"2604007";Carpina
"2516151";Sossêgo
"5103403";Cuiabá
"2901304";Andaraí
"4312005";Mariano Moro
"4304507";Canguçu
"1506708";Santana do Araguaia
"3508900";Caiabu
"2413508";Serrinha
"3170404";Unaí
"3128253";Guaraciama
"3505500";Barretos
"5006200";Nova Andradina
"3100906";Águas Formosas
"5220603";Silvânia
"2917300";Ituberá
"3539202";Pirapozinho
"4301636";Balneário Pinhal
"3301157";Cardoso Moreira
"2209351";Santana do Piauí
"1508126";Ulianópolis
"3170750";Varjão de Minas
"3302601";Mangaratiba
"3302809";Mendes
"5219258";Santa Fé de Goiás
"5206602";Cumari
"4101002";Ampére
"3535705";Paraíso
"2313500";Trairi
"3130051";Icaraí de Minas
"2515104";São Sebastião de Lagoa de Roça
"4121406";Realeza
"2602308";Bonito
"1504901";Muaná
"2306900";Jaguaribe
"4202099";Barra Bonita
"5200159";Adelândia
"5216809";Petrolina de Goiás
"2805109";Pedrinhas
"2205508";José de Freitas
"4310207";Ijuí
"4322806";Veranópolis
"3548401";Santópolis do Aguapeí
"3513900";Divinolândia
"4211801";Ouro
"4214409";Rio das Antas
"2310704";Pentecoste
"2208601";Prata do Piauí
"5215504";Ouvidor
"2501203";Areial
"1706001";Couto Magalhães
"2101608";Barra do Corda
"5219605";Santa Tereza de Goiás
"2507309";Jacaraú
"4319901";Sapiranga
"4318705";São Leopoldo
"4113908";Mallet
"3506300";Bernardino de Campos
"4122909";Salto do Itararé
"2207934";Pedro Laurentino
"1300300";Autazes
"2603454";Camaragibe
"4100459";Altamira do Paraná
"4304200";Candelária
"2707701";Rio Largo
"4108403";Francisco Beltrão
"2607307";Ipubi
"4211405";Nova Erechim
"3113909";Carmo da Cachoeira
"5207907";Flores de Goiás
"4315909";Rodeio Bonito
"2922052";Mulungu do Morro
"2907707";Chorrochó
"2601607";Belém do São Francisco
"4113403";Leópolis
"2803807";Malhada dos Bois
"4300109";Agudo
"1702406";Arraias
"3519303";Ibaté
"3540002";Pompéia
"3145059";Nova Porteirinha
"4117057";Nova Laranjeiras
"4102406";Bandeirantes
"5218607";Rialma
"1100379";Alto Alegre dos Parecis
"3529500";Mendonça
"4127858";Três Barras do Paraná
"3506706";Boa Esperança do Sul
"2611200";Poção
"4112959";Juranda
"3165701";Senador Firmino
"3305505";Saquarema
"3113008";Caraí
"2307106";Jardim
"1502152";Canaã dos Carajás
"3165909";Senador Modestino Gonçalves
"3201001";Boa Esperança
"4305850";Coqueiros do Sul
"4203303";Campo Alegre
"1300839";Caapiranga
"5106182";Nova Lacerda
"4116208";Morretes
"5200605";Alto Paraíso de Goiás
"2907301";Castro Alves
"3148103";Patrocínio
"2500577";Algodão de Jandaíra
"3134400";Iturama
"2801603";Cedro de São João
"2905305";Cafarnaum
"1702000";Araguaçu
"3301702";Duque de Caxias
"3156809";Sabinópolis
"2513943";São Domingos do Cariri
"3503158";Arapeí
"3103801";Arapuá
"3202900";Itarana
"5200852";Americano do Brasil
"1507201";São Domingos do Capim
"4303608";Cambará do Sul
"2801207";Canindé de São Francisco
"3505203";Bariri
"3525904";Jundiaí
"2504108";Carrapateira
"3200102";Afonso Cláudio
"3527702";Luiziânia
"2800209";Aquidabã
"2707305";Porto Calvo
"3154457";Riachinho
"3110806";Campanário
"4309258";Guabiju
"2505501";Vista Serrana
"4315453";Relvado
"2927101";Rodelas
"1718402";Presidente Kennedy
"3148905";Pedra do Indaiá
"3141405";Medina
"1716653";Pequizeiro
"4218251";Timbó Grande
"3132206";Itaguara
"2111789";Serrano do Maranhão
"4212809";Balneário Piçarras
"3107406";Bom Despacho
"3551009";São Vicente
"4119806";Planalto
"4312138";Mato Castelhano
"2510808";Patos
"3519402";Ibirá
"2927200";Ruy Barbosa
"4301651";Barão
"4209151";José Boiteux
"1500503";Almeirim
"2908903";Coração de Maria
"4104659";Carambeí
"3111309";Campo do Meio
"4214607";Rio do Oeste
"4314787";Ponte Preta
"4100301";Agudos do Sul
"2100436";Alto Alegre do Maranhão
"5217609";Planaltina
"3171709";Virgínia
"4316204";Rondinha
"2600906";Amaraji
"2308609";Monsenhor Tabosa
"3531407";Monte Aprazível
"3515806";Flora Rica
"4312625";Muliterno
"1701903";Araguacema
"3162203";São João Batista do Glória
"3168051";Taparuba
"2614501";Surubim
"3525508";Joanópolis
"1100049";Cacoal
"4200309";Agronômica
"2107902";Passagem Franca
"3127305";Galiléia
"2105351";Itaipava do Grajaú
"3305901";Trajano de Moraes
"4317301";Santa Vitória do Palmar
"2516003";Solânea
"4205001";Dionísio Cerqueira
"3508009";Buri
"3119906";Córrego do Bom Jesus
"2105401";Itapecuru Mirim
"4308805";General Câmara
"2930204";Sento Sé
"3129400";Ibertioga
"4211652";Novo Horizonte
"3127370";Goiabeira
"2503803";Caldas Brandão
"1714203";Natividade
"2209401";Santo Antônio de Lisboa
"5204003";Cabeceiras
"2506251";Gado Bravo
"5214705";Nova América
"3101300";Alagoa
"4202438";Bocaina do Sul
"5203939";Buriti de Goiás
"2928802";Santo Estêvão
"4125803";São Pedro do Ivaí
"4306973";Erebango
"4317558";Santo Antônio do Palma
"3131158";Ipaba
"2513604";Santana dos Garrotes
"4124400";Santo Antônio do Sudoeste
"3554607";Timburi
"3123304";Dores do Turvo
"2902054";Araçás
"3204955";São Roque do Canaã
"1500131";Abel Figueiredo
"2921104";Medeiros Neto
"4322186";Tupanci do Sul
"4128708";Vitorino
"3553302";Tambaú
"2600807";Altinho
"2101103";Axixá
"3530300";Mirassol
"4122800";Salgado Filho
"4318200";São Francisco de Paula
"5103106";Cocalinho
"3529302";Matão
"3162500";São João del Rei
"1200203";Cruzeiro do Sul
"2923902";Pau Brasil
"2211001";Teresina
"2708907";Satuba
"4117255";Nova Prata do Iguaçu
"3151909";Pocrane
"5106752";Pontes e Lacerda
"4317509";Santo Ângelo
"3111002";Campestre
"3532306";Natividade da Serra
"1721109";Tocantínia
"2702306";Coruripe
"5203302";Bela Vista de Goiás
"4304671";Capivari do Sul
"2205607";Landri Sales
"4303558";Camargo
"3156502";Rubelita
"3508702";Caconde
"2406403";Lagoa de Velhos
"3107505";Bom Jardim de Minas
"1707108";Divinópolis do Tocantins
"4205308";Faxinal dos Guedes
"2106201";Luís Domingues
"2107258";Nova Colinas
"1501758";Brejo Grande do Araguaia
"3104452";Aricanduva
"5106216";Nova Canaã do Norte
"3160504";Santo Antônio do Rio Abaixo
"4111506";Ivaiporã
"2704104";Lagoa da Canoa
"2511202";Pedras de Fogo
"2100303";Aldeias Altas
"3529658";Mesópolis
"3134905";Jacutinga
"4208450";Itapoá
"2505709";Dona Inês
"3136405";Joaquim Felício
"2305357";Icapuí
"3503604";Areiópolis
"2313708";Umari
"3515301";Estrela do Norte
"3510500";Caraguatatuba
"2406304";Lagoa de Pedras
"4312476";Morro Reuter
"5102793";Carlinda
"2705903";Olho d'Água Grande
"2508505";Livramento
"1400704";Uiramutã
"2501104";Areia
"2208700";Redenção do Gurguéia
"3544004";Rio das Pedras
"4211058";Monte Carlo
"2401206";Arês
"3204104";Pinheiros
"5105622";Mirassol d'Oeste
"4127908";Tuneiras do Oeste
"4107207";Dois Vizinhos
"4115408";Marmeleiro
"5102702";Canarana
"5218789";Rio Quente
"3301405";Conceição de Macabu
"5106315";Novo Santo Antônio
"3152006";Pompéu
"2925600";Presidente Dutra
"3300506";Bom Jardim
"5106265";Novo Mundo
"4200101";Abelardo Luz
"5208707";Goiânia
"3525201";Jarinu
"2504355";Caturité
"3551702";Sertãozinho
"5206305";Cristianópolis
"2200806";Antônio Almeida
"3516606";Gália
"4201505";Armazém
"1505064";Novo Repartimento
"4123204";Santa Cecília do Pavão
"2304251";Cruz
"1501576";Bom Jesus do Tocantins
"3522000";Itaju
"3135456";Jenipapo de Minas
"1506559";Santa Luzia do Pará
"4303806";Campinas do Sul
"4201653";Arvoredo
"3137106";Lagamar
"2414209";Tibau do Sul
"2614006";Serrita
"4207205";Imaruí
"5205471";Chapadão do Céu
"3306156";Varre-Sai
"2105708";Lago da Pedra
"2111805";Sítio Novo
"2616506";Xexéu
"4106100";Conselheiro Mairinck
"3554805";Tremembé
"2307502";Lavras da Mangabeira
"4211207";Morro da Fumaça
"3110103";Caiana
"5211305";Itarumã
"1718907";Santa Rosa do Tocantins
"4309159";Gramado Xavier
"1100346";Alvorada D'Oeste
"1707652";Figueirópolis
"5008305";Três Lagoas
"4319737";São Valério do Sul
"2301604";Assaré
"3142809";Monte Alegre de Minas
"2932705";Uruçuca
"1709005";Goiatins
"2514602";São José do Bonfim
"2705309";Minador do Negrão
"4318051";São Domingos do Sul
"4124202";Santo Antônio do Caiuá
"5103700";Feliz Natal
"4108007";Florestópolis
"3104908";Baependi
"1714880";Nova Olinda
"1100122";Ji-Paraná
"3147006";Paracatu
"1507474";São João de Pirabas
"3507704";Braúna
"3150901";Piranguçu
"3109451";Cabeceira Grande
"2305332";Ibicuitinga
"5221080";Teresina de Goiás
"1721307";Tupiratins
"2307700";Maranguape
"3118106";Congonhas do Norte
"1715507";Oliveira de Fátima
"2610608";Paudalho
"3164605";São Sebastião do Oeste
"5103361";Conquista D'Oeste
"2912806";Ibirapuã
"2918803";Laje
"5108204";Torixoréu
"3152907";Pratápolis
"4115739";Mato Rico
"3540408";Populina
"2802700";Ilha das Flores
"4310330";Imbé
"3135001";Jaguaraçu
"2206357";Milton Brandão
"2308203";Meruoca
"4103370";Brasilândia do Sul
"2106672";Milagres do Maranhão
"3544202";Riolândia
"3537305";Penápolis
"5212600";Mairipotaba
"5210208";Iporá
"3527504";Lucianópolis
"3306008";Três Rios
"2513968";São Domingos
"4216602";São José
"2304269";Deputado Irapuan Pinheiro
"3546702";Santa Gertrudes
"4215505";Santa Cecília
"4117271";Nova Tebas
"2211308";Valença do Piauí
"4116000";Miraselva
"1501725";Brasil Novo
"4110102";Imbituva
"3534005";Onda Verde
"2912004";Ibiassucê
"2703601";Japaratinga
"5003256";Costa Rica
"2919504";Livramento de Nossa Senhora
"2929701";Sátiro Dias
"1718659";Rio da Conceição
"4312609";Muçum
"4204202";Chapecó
"1703909";Caseara
"2702553";Estrela de Alagoas
"2929354";São José da Vitória
"2919207";Lauro de Freitas
"2409332";Santa Maria
"3140555";Mata Verde
"2924652";Pintadas
"3160702";Santos Dumont
"2931301";Tapiramutá
"3501400";Álvaro de Carvalho
"1700301";Aguiarnópolis
"1706506";Darcinópolis
"3529401";Mauá
"2706802";Piaçabuçu
"1720853";Sucupira
"4310603";Itaqui
"3525003";Jandira
"3134301";Itumirim
"4308201";Flores da Cunha
"5006358";Paranhos
"3510807";Casa Branca
"4100707";Alto Piquiri
"4307401";Esmeralda
"2407500";Maxaranguape
"2514909";São Mamede
"1100262";Rio Crespo
"1716604";Peixe
"4321451";Teutônia
"3126950";Frei Lagonegro
"2507705";Juazeirinho
"4126108";São Tomé
"4208203";Itajaí
"4303400";Caiçara
"2105948";Lago dos Rodrigues
"4314779";Pontão
"2925402";Potiraguá
"5203401";Bom Jardim de Goiás
"4120853";Quatro Pontes
"2904605";Brumado
"3124500";Estiva
"3164209";São Romão
"5106257";Nova Xavantina
"2210938";Sussuapara
"5106240";Nova Ubiratã
"4313011";Nova Candelária
"5104559";Itaúba
"2915908";Itanagra
"4107652";Fazenda Rio Grande
"2401800";Brejinho
"4207908";Irineópolis
"3131109";Inimutaba
"1708254";Tabocão
"3541059";Pratânia
"2930402";Serra Preta
"3545506";Sandovalina
"1715259";Novo Jardim
"3535507";Paraguaçu Paulista
"1101757";Vale do Anari
"1709807";Ipueiras
"4217006";São Ludgero
"4219176";Vargem Bonita
"4104105";Campo do Tenente
"1505601";Peixe-Boi
"2607208";Ipojuca
"3304755";São Francisco de Itabapoana
"4306403";Dois Irmãos
"2202109";Campinas do Piauí
"2512754";Riachão do Bacamarte
"4201703";Ascurra
"2705804";Olho d'Água do Casado
"1703842";Campos Lindos
"4100806";Alvorada do Sul
"4305871";Coronel Barros
"4113700";Londrina
"3119302";Coromandel
"5210307";Israelândia
"4303673";Campestre da Serra
"2200905";Aroazes
"3502507";Aparecida
"4304804";Carlos Barbosa
"3550803";São Sebastião da Grama
"3556503";Várzea Paulista
"4118600";Paula Freitas
"2932804";Utinga
"2408201";Nísia Floresta
"4301875";Barra do Quaraí
"4110078";Imbaú
"2603900";Carnaíba
"5106109";Nossa Senhora do Livramento
"2922607";Nilo Peçanha
"4112009";Jaguariaíva
"3507506";Botucatu
"3166907";Serrania
"4119103";Piên
"2209609";São Félix do Piauí
"2101905";Bequimão
"3544905";Sales Oliveira
"3517604";Guapiara
"2505907";Emas
"3149606";Pequi
"2806602";Santo Amaro das Brotas
"3171030";Verdelândia
"2804904";Pacatuba
"2304350";Forquilha
"4300208";Ajuricaba
"2106508";Matinha
"3525300";Jaú
"3119203";Coroaci
"3535903";Paranapuã
"3304805";São Fidélis
"1502756";Concórdia do Pará
"4127007";Teixeira Soares
"4300638";Amaral Ferrador
"2501575";Barra de Santana
"3530706";Mogi Guaçu
"2614709";Tacaimbó
"4111555";Ivaté
"4127304";Terra Rica
"2607000";Inajá
"1302108";Japurá
"4314456";Pinhal
"2916203";Itapé
"4116802";Nova Cantu
"2611101";Petrolina
"1500602";Altamira
"2500205";Aguiar
"3538501";Piquete
"4218707";Tubarão
"2313906";Uruoca
"2304285";Eusébio
"2919009";Lajedinho
"2517209";Vieirópolis
"2612109";Salgadinho
"3515186";Espírito Santo do Pinhal
"4128500";Wenceslau Braz
"2607752";Itapissuma
"3550902";São Simão
"2506806";Ingá
"1200708";Xapuri
"2414506";Umarizal
"2924058";Pé de Serra
"4119905";Ponta Grossa
"2614105";Sertânia
"2703700";Jaramataia
"2200277";Alegrete do Piauí
"3136504";Jordânia
"2200202";Água Branca
"5107107";São José dos Quatro Marcos
"4305371";Charrua
"2111102";São João dos Patos
"3157104";Salto da Divisa
"2919959";Maetinga
"2513109";Salgado de São Félix
"2204006";Francinópolis
"1502707";Conceição do Araguaia
"3304607";Santa Maria Madalena
"3157906";Santa Margarida
"5222054";Vicentinópolis
"2105203";Igarapé Grande
"2914653";Itabela
"3534906";Pacaembu
"3144672";Nova Belém
"3519907";Iepê
"2609105";Machados
"4321493";Toropi
"3204401";Rio Novo do Sul
"3156106";Ritápolis
"2106607";Matões
"3504701";Balbinos
"3105202";Bandeira
"2601300";Barra de Guabiraba
"2515807";Serra Redonda
"4305207";Cerro Largo
"2208106";Pimenteiras
"3548906";São Carlos
"3124807";Estrela do Sul
"4302220";Boa Vista do Cadeado
"2205201";Jaicós
"3117306";Conceição das Alagoas
"5217401";Pires do Rio
"4107900";Floresta
"3170578";Vargem Alegre
"4219507";Xanxerê
"2514503";São José de Piranhas
"4317004";Santana da Boa Vista
"2924702";Piripá
"4310108";Igrejinha
"2918753";Lagoa Real
"2209104";Santa Cruz do Piauí
"2914208";Irajuba
"3162955";São José da Lapa
"3130101";Igarapé
"4127502";Tibagi
"2500700";São João do Rio do Peixe
"5101902";Brasnorte
"3201605";Conceição da Barra
"5204656";Campinaçu
"1716307";Pau D'Arco
"3521002";Iperó
"2409704";Pedro Avelino
"3514809";Eldorado
"4118451";Pato Bragado
"1500800";Ananindeua
"2704005";Junqueiro
"4108650";Goioxim
"2106003";Lima Campos
"3302007";Itaguaí
"3552908";Taciba
"3523404";Itatiba
"2917102";Itororó
"3147105";Pará de Minas
"3200607";Aracruz
"1705102";Chapada da Natividade
"2702900";Girau do Ponciano
"2509370";Mato Grosso
"1702307";Arapoema
"3304151";Quissamã
"4122172";Rio Branco do Ivaí
"3549102";São João da Boa Vista
"3168200";Tapiraí
"2304301";Farias Brito
"2514701";São José do Sabugi
"3501806";Américo de Campos
"2702355";Craíbas
"4200507";Águas de Chapecó
"4201406";Araranguá
"4300034";Aceguá
"2706604";Paulo Jacinto
"4308706";Gaurama
"2200301";Alto Longá
"4214102";Presidente Nereu
"3162575";São João do Manteninha
"3161106";São Francisco
"5215207";Novo Brasil
"4113809";Lupionópolis
"3163102";São José da Varginha
"5209804";Hidrolina
"1507607";São Miguel do Guamá
"4309209";Gravataí
"4109658";Honório Serpa
"2509701";Monteiro
"2405108";Jandaíra
"4310876";Jacuizinho
"4201604";Arroio Trinta
"3115904";Chácara
"3162104";São Gotardo
"1101476";Primavera de Rondônia
"4316428";Sagrada Família
"4207403";Imbuia
"1503093";Goianésia do Pará
"3556206";Valinhos
"4104907";Castro
"5103858";Gaúcha do Norte
"3503208";Araraquara
"1301852";Iranduba
"4100400";Almirante Tamandaré
"4304705";Carazinho
"3533908";Olímpia
"2206720";Nazária
"2606804";Igarassu
"2802304";Frei Paulo
"3528700";Marabá Paulista
"4116406";Nossa Senhora das Graças
"4310538";Itaara
"2109700";Sambaíba
"2803609";Laranjeiras
"3530201";Mirante do Paranapanema
"5201702";Aragarças
"2905008";Caculé
"2513984";São Francisco
"2509503";Montadas
"2300101";Abaiara
"3519501";Ibirarema
"1504802";Monte Alegre
"3120706";Cruzeiro da Fortaleza
"3516408";Franco da Rocha
"4201950";Balneário Arroio do Silva
"2904001";Boninal
"3514205";Dolcinópolis
"4113502";Loanda
"3112109";Caparaó
"4210050";Macieira
"4103040";Boa Ventura de São Roque
"3171071";Veredinha
"4312450";Morro Redondo
"5214101";Mutunópolis
"2903508";Belo Campo
"3104502";Arinos
"3537503";Pereiras
"3132909";Itamogi
"2510006";Nazarezinho
"3125705";Felixlândia
"3203130";João Neiva
"4302659";Brochier
"3130655";Indaiabira
"2307403";Jucás
"5208301";Divinópolis de Goiás
"2603926";Carnaubeira da Penha
"2100154";Água Doce do Maranhão
"2705408";Monteirópolis
"2610004";Palmares
"4308433";Forquetinha
"2703403";Jacaré dos Homens
"3122702";Dom Silvério
"3500550";Águas de Santa Bárbara
"3533502";Novo Horizonte
"3143104";Monte Carmelo
"4123006";Salto do Lontra
"2405009";Jaçanã
"1200385";Plácido de Castro
"2414704";Várzea
"3549607";São José do Barreiro
"2513505";Santana de Mangueira
"1600808";Vitória do Jari
"2925907";Quijingue
"2401602";Bento Fernandes
"4210555";Marema
"2932309";Ubatã
"3140530";Martins Soares
"4106571";Cruzeiro do Iguaçu
"2310902";Piquet Carneiro
"3541802";Queiroz
"1505700";Ponta de Pedras
"2700201";Anadia
"3163201";São José do Alegre
"2607901";Jaboatão dos Guararapes
"1507151";São Domingos do Araguaia
"2703759";Jequiá da Praia
"3530607";Mogi das Cruzes
"2107506";Paço do Lumiar
"2933158";Várzea Nova
"3167103";Serro
"4314555";Pirapó
"4307054";Ernestina
"2111508";São Mateus do Maranhão
"2609006";Macaparana
"4207700";Ipumirim
"2313351";Tejuçuoca
"2601409";Barreiros
"3514304";Dourado
"2610509";Passira
"2202083";Cajueiro da Praia
"1101401";Monte Negro
"4201273";Arabutã
"3170529";Urucuia
"2608750";Lagoa Grande
"5219753";Santo Antônio do Descoberto
"2605806";Frei Miguelinho
"5100359";Alto Boa Vista
"3535309";Palmital
"5103502";Diamantino
"2802205";Feira Nova
"3134509";Itutinga
"3551306";Sebastianópolis do Sul
"3513306";Cruzália
"5001102";Aquidauana
"3130705";Indianópolis
"3135308";Japaraíba
"1100320";São Miguel do Guaporé
"3539509";Pitangueiras
"4209706";Lebon Régis
"2203602";Eliseu Martins
"3138104";Lassance
"4318408";São Jerônimo
"2903276";Barrocas
"1700350";Aliança do Tocantins
"3510302";Capela do Alto
"3537156";Pedrinhas Paulista
"3125507";São Gonçalo do Rio Preto
"3167707";Sobrália
"2615706";Triunfo
"5213509";Monte Alegre de Goiás
"1200427";Rodrigues Alves
"4210852";Mirim Doce
"5005152";Juti
"2211357";Várzea Branca
"2911253";Gavião
"3121506";Desterro do Melo
"3520400";Ilhabela
"3530508";Mococa
"5202502";Aruanã
"2700300";Arapiraca
"2110278";Santo Amaro do Maranhão
"1713957";Muricilândia
"2516607";Tavares
"5207105";Diorama
"2201945";Boqueirão do Piauí
"3112604";Capinópolis
"3138500";Liberdade
"3200359";Alto Rio Novo
"2705101";Matriz de Camaragibe
"4211108";Monte Castelo
"2402402";Carnaúba dos Dantas
"2410504";Rafael Fernandes
"3528205";Macedônia
"3135704";Jequitibá
"2101202";Bacabal
"4316451";Salto do Jacuí
"1505304";Oriximiná
"1718881";Santa Maria do Tocantins
"3139250";Mamonas
"3516309";Francisco Morato
"4125753";São Pedro do Iguaçu
"3534203";Orindiúva
"3516507";Gabriel Monteiro
"4323770";Westfália
"4300505";Alpestre
"2112308";Tuntum
"4115754";Mauá da Serra
"3169604";Tupaciguara
"3534302";Orlândia
"4301701";Barão de Cotegipe
"3530102";Mirandópolis
"3154804";Rio Acima
"1720903";Taguatinga
"4219150";Vargem
"2206209";Miguel Alves
"4322400";Uruguaiana
"2611606";Recife
"3123858";Entre Folhas
"2105963";Lagoa Grande do Maranhão
"4214904";Rio Fortuna
"2201200";Barras
"3138807";Luz
"2207603";Parnaguá
"3303955";Pinheiral
"4319208";São Nicolau
"3523602";Itirapina
"3150802";Piranga
"3532207";Narandiba
"3501707";Américo Brasiliense
"2901502";Anguera
"5300108";Brasília
"4309050";Glorinha
"4306130";Cruzaltense
"4321352";Tavares
"3127701";Governador Valadares
"2514651";São José do Brejo do Cruz
"2511806";Pirpirituba
"3551504";Serrana
"2412401";São José do Seridó
"2513901";São Bento
"2903805";Boa Vista do Tupim
"4302105";Bento Gonçalves
"2607604";Ilha de Itamaracá
"1507953";Tailândia
"2919306";Lençóis
"2609501";Nazaré da Mata
"3159506";Santa Rita do Itueto
"3306305";Volta Redonda
"4204301";Concórdia
"4101705";Araruna
"4320552";Sertão Santana
"2507804";Junco do Seridó
"1505403";Ourém
"2918902";Lajedão
"1304062";Tabatinga
"4128005";Ubiratã
"5206404";Crixás
"4122651";Rosário do Ivaí
"2406809";Lajes Pintadas
"4215687";Santa Terezinha do Progresso
"2906824";Canudos
"2300309";Acopiara
"4305173";Cerro Grande do Sul
"2925204";Pojuca
"5202601";Aurilândia
"4209607";Lauro Müller
"4125456";São José das Palmeiras
"4115804";Medianeira
"2918704";Lafaiete Coutinho
"3545209";Salto
"3119500";Coronel Murta
"3166956";Serranópolis de Minas
"2915403";Itaju do Colônia
"3541406";Presidente Prudente
"3509254";Cajati
"4316600";Sananduva
"4206207";Gravatal
"3136520";José Gonçalves de Minas
"3304201";Resende
"5203559";Bonfinópolis
"4214508";Rio do Campo
"3506607";Biritiba Mirim
"2202752";Colônia do Gurguéia
"2312809";Senador Sá
"2112209";Timon
"3155603";Rio Pardo de Minas
"4209201";Lacerdópolis
"5103452";Denise
"4318432";São João do Polêsine
"4103008";Boa Esperança
"4127205";Terra Boa
"1711100";Itaporã do Tocantins
"5000203";Água Clara
"3143807";Munhoz
"2500304";Alagoa Grande
"4306551";Dom Pedro de Alcântara
"3140902";Matipó
"3535804";Paranapanema
"1200013";Acrelândia
"5215405";Ouro Verde de Goiás
"4309654";Hulha Negra
"3203163";Laranja da Terra
"4101606";Arapoti
"2206050";Massapê do Piauí
"2906105";Canápolis
"2802601";Gracho Cardoso
"1718204";Porto Nacional
"3116209";Chiador
"2513406";Santa Luzia
"2615607";Trindade
"3552809";Taboão da Serra
"2703007";Ibateguara
"5005608";Miranda
"5100102";Acorizal
"3138658";Lontra
"3109907";Caetanópolis
"1100148";Nova Brasilândia D'Oeste
"3110400";Camacho
"3128907";Guimarânia
"3536208";Pariquera-Açu
"3154002";Raul Soares
"2706307";Palmeira dos Índios
"5205703";Córrego do Ouro
"4322541";Vale Real
"4218004";Tijucas
"1100296";Santa Luzia D'Oeste
"5207535";Faina
"4102703";Barra do Jacaré
"3505104";Barbosa
"3537404";Pereira Barreto
"2100402";Altamira do Maranhão
"4314753";Poço das Antas
"5106000";Nortelândia
"2605905";Gameleira
"5203906";Buriti Alegre
"4208104";Itaiópolis
"3154606";Ribeirão das Neves
"1503077";Garrafão do Norte
"2313302";Tauá
"4315313";Quatro Irmãos
"4128625";Alto Paraíso
"3163508";São José do Jacuri
"2203107";Cristino Castro
"3149150";Pedras de Maria da Cruz
"4219853";Zortéa
"3145000";Nova Ponte
"5220702";Sítio d'Abadia
"2210953";Tamboril do Piauí
"3201308";Cariacica
"5007935";Sonora
"3133808";Itaúna
"2931707";Terra Nova
"4128401";Uraí
"3163300";São José do Divino
"3515129";Emilianópolis
"2703106";Igaci
"3116704";Coimbra
"4320230";Sede Nova
"2207702";Parnaíba
"3140506";Martinho Campos
"2613800";São Vicente Férrer
"3172202";Wenceslau Braz
"2210201";São José do Piauí
"3202702";Itaguaçu
"2706109";Ouro Branco
"5103379";Cotriguaçu
"4311007";Jaguarão
"3123403";Doresópolis
"2106375";Maranhãozinho
"3503505";Areias
"5108402";Várzea Grande
"3158904";Santana do Manhuaçu
"2102101";Brejo
"3538303";Piquerobi
"4315503";Restinga Sêca
"4211751";Otacílio Costa
"2608701";Lagoa dos Gatos
"4312252";Minas do Leão
"2805505";Poço Verde
"1505031";Novo Progresso
"4310900";Jacutinga
"4300059";Água Santa
"4320305";Selbach
"3512605";Coronel Macedo
"2205250";Jardim do Mulato
"4313037";Nova Esperança do Sul
"3205036";Vargem Alta
"5006903";Porto Murtinho
"2701605";Canapi
"4121703";Reserva
"1507979";Terra Santa
"3151800";Poços de Caldas
"4103156";Bom Jesus do Sul
"2610301";Paranatama
"3102803";Andrelândia
"1100601";Cacaulândia
"4208500";Ituporanga
"3160801";São Bento Abade
"2404507";Guamaré
"3500105";Adamantina
"4316733";Santa Cecília do Sul
"4306379";Dilermando de Aguiar
"5005806";Nioaque
"3505401";Barra do Turvo
"4113254";Laranjal
"1507458";São Geraldo do Araguaia
"2107704";Paraibano
"3116902";Comendador Gomes
"3137502";Lagoa Formosa
"1304104";Tapauá
"3517208";Guaiçara
"4316006";Rolante
"1703073";Barra do Ouro
"2500775";Aparecida
"4114351";Manfrinópolis
"2902005";Aracatu
"2111706";São Vicente Ferrer
"3500907";Altair
"4211892";Painel
"3515103";Embu-Guaçu
"2203701";Esperantina
"4303707";Campina das Missões
"3536901";Pedranópolis
"3548005";Santo Antônio de Posse
"3533809";Óleo
"4311718";Maçambará
"2610103";Palmeirina
"2916302";Itapebi
"4300646";Ametista do Sul
"2310100";Palmácia
"4103479";Cafezal do Sul
"3133758";Itaú de Minas
"4214003";Presidente Getúlio
"1100809";Candeias do Jamari
"3120003";Córrego Novo
"2210508";São Pedro do Piauí
"2801900";Cumbe
"3123601";Elói Mendes
"2803500";Lagarto
"2511905";Pitimbu
"5200258";Águas Lindas de Goiás
"2504900";Cruz do Espírito Santo
"2412203";São José de Mipibu
"2503605";Caiçara
"4306502";Dom Feliciano
"3162252";São João da Lagoa
"4316758";Santa Clara do Sul
"4128633";Doutor Ulysses
"1101302";Mirante da Serra
"3142007";Mirabela
"2604304";Cedro
"3112505";Capim Branco
"3539400";Piratininga
"3116506";Claro dos Poções
"3127057";Fronteira dos Vales
"1703107";Barrolândia
"2305407";Icó
"3300704";Cabo Frio
"2515708";Serra Grande
"2210904";Socorro do Piauí
"5107859";São Félix do Araguaia
"3104007";Araxá
"1400456";Pacaraima
"3110301";Caldas
"4207007";Içara
"4313300";Nova Prata
"3120904";Curvelo
"2513356";Santa Inês
"2902252";Arataca
"2910750";Fátima
"3531605";Monte Castelo
"3302254";Itatiaia
"3161304";São Francisco de Sales
"4115358";Maripá
"5208004";Formosa
"2308708";Morada Nova
"4119152";Pinhais
"2311959";Salitre
"4318002";São Borja
"5108956";Nova Monte Verde
"4113452";Lindoeste
"3139706";Maravilhas
"2933406";Wagner
"3502200";Angatuba
"2920700";Maraú
"4304622";Capão Bonito do Sul
"2111078";São João do Soter
"3202405";Guarapari
"3104106";Arceburgo
"2918209";Jiquiriçá
"4215653";Santa Rosa do Sul
"3115508";Caxambu
"4322004";Triunfo
"1717909";Ponte Alta do Tocantins
"3510203";Capão Bonito
"1713601";Monte do Carmo
"2912103";Ibicaraí
"3520608";Indiana
"3501608";Americana
"4315552";Rio dos Índios
"4318614";São José do Sul
"2926608";Ribeira do Pombal
"2404200";Goianinha
"3526704";Leme
"4200804";Anchieta
"4215000";Rio Negrinho
"1702109";Araguaína
"4107538";Entre Rios do Oeste
"2210607";São Raimundo Nonato
"1506609";Santa Maria do Pará
"2205599";Lagoa do Sítio
"2311603";Redenção
"3204500";Santa Leopoldina
"4302154";Boa Vista das Missões
"5204607";Campestre de Goiás
"3160900";São Brás do Suaçuí
"5215231";Novo Gama
"3539301";Pirassununga
"4307005";Erechim
"4122206";Rio Branco do Sul
"2106409";Mata Roma
"3302106";Itaocara
"5200829";Amaralina
"2906303";Canavieiras
"3526506";Lavínia
"2408953";Rio do Fogo
"2202251";Canavieira
"3138302";Leandro Ferreira
"4206900";Ibirama
"4309951";Ibirapuitã
"2609303";Mirandiba
"2406601";Lagoa Salgada
"3503802";Artur Nogueira
"1508159";Uruará
"3523701";Itirapuã
"2509909";Natuba
"3527108";Lins
"4309704";Humaitá
"2933455";Wanderley
"3552007";Silveiras
"4313003";Nova Bréscia
"3115300";Cataguases
"3162559";São João do Manhuaçu
"2202091";Caldeirão Grande do Piauí
"4315172";Protásio Alves
"5007976";Taquarussu
"2200707";Anísio de Abreu
"3100203";Abaeté
"2931053";Tanque Novo
"2612505";Santa Cruz do Capibaribe
"2704302";Maceió
"3166303";Sericita
"3514007";Dobrada
"2920403";Manoel Vitorino
"4303509";Camaquã
"4313953";Pantano Grande
"1718808";Sampaio
"4115705";Matinhos
"4310009";Ibirubá
"4305702";Condor
"4107306";Doutor Camargo
"3518909";Guzolândia
"2928604";Santo Amaro
"1303007";Nhamundá
"3130408";Ijaci
"1718006";Porto Alegre do Tocantins
"1707553";Fátima
"4119202";Pinhalão
"3147907";Passos
"5218003";Porangatu
"3550605";São Roque
"2928059";Santa Luzia
"3145356";Novo Oriente de Minas
"2930154";Serra do Ramalho
"3522604";Itapira
"2106631";Matões do Norte
"3513009";Cotia
"4305009";Catuípe
"2612901";São Benedito do Sul
"3150570";Pintópolis
"2915700";Itamari
"3108909";Brazópolis
"5002407";Caarapó
"2926707";Rio de Contas
"2201929";Bonfim do Piauí
"3100708";Água Comprida
"3120805";Cruzília
"2401008";Apodi
"4207759";Iraceminha
"4123501";Santa Helena
"4305587";Colinas
"2310001";Palhano
"5104542";Itanhangá
"3165404";Sapucaí-Mirim
"2102358";Buritirana
"1703206";Bernardo Sayão
"3552551";Suzanápolis
"3205101";Viana
"2931509";Teofilândia
"4320503";Sertão
"2912301";Ibicuí
"2915304";Itagimirim
"4126652";Sulina
"3524907";Jambeiro
"3514502";Duartina
"3527256";Lourdes
"2108504";Pindaré-Mirim
"3521606";Irapuru
"5003900";Figueirão
"3552700";Tabatinga
"3533106";Nova Guataporanga
"3164407";São Sebastião da Bela Vista
"3506508";Birigui
"2413003";São Vicente
"3516853";Gavião Peixoto
"2406007";José da Penha
"4315131";Pouso Novo
"5104609";Itiquira
"3540200";Pontal
"2907806";Cícero Dantas
"5107008";Poxoréu
"5217708";Pontalina
"3306107";Valença
"2413557";Serrinha dos Pintos
"5211008";Itapirapuã
"4119301";Pinhão
"2408300";Nova Cruz
"4314035";Pareci Novo
"2302503";Brejo Santo
"3549706";São José do Rio Pardo
"2607505";Itaíba
"4313086";Nova Pádua
"2511400";Picuí
"2603108";Cachoeirinha
"2302909";Capistrano
"2915007";Itaeté
"4304952";Caseiros
"3144375";Natalândia
"3138005";Laranjal
"2515401";São Vicente do Seridó
"1301100";Careiro
"2208007";Picos
"3110905";Campanha
"2414803";Vera Cruz
"3547700";Santo Anastácio
"5215702";Palmeiras de Goiás
"3131307";Ipatinga
"2412005";São Gonçalo do Amarante
"5201603";Araçu
"5005681";Mundo Novo
"5004809";Japorã
"2411429";Santana do Seridó
"3122009";Divino
"3503901";Arujá
"3122801";Dom Viçoso
"3528908";Mariápolis
"1703891";Carrasco Bonito
"3552502";Suzano
"2502805";Brejo do Cruz
"3101003";Águas Vermelhas
"4210506";Maravilha
"5219456";Santa Rita do Novo Destino
"2922300";Muritiba
"2800670";Boquim
"4311254";Lagoão
"4300802";Antônio Prado
"2202174";Campo Largo do Piauí
"3122355";Divisa Alegre
"2611507";Quipapá
"2505402";Desterro
"3157336";Santa Cruz de Minas
"4314407";Pelotas
"4117297";Novo Itacolomi
"1506161";Rio Maria
"2607406";Itacuruba
"3102308";Alvinópolis
"2109007";Porto Franco
"1600550";Pracuúba
"4109906";Icaraíma
"4315321";Quevedos
"4318309";São Gabriel
"1502301";Capitão Poço
"3117702";Conceição do Rio Verde
"2913200";Ibotirama
"4114104";Mandaguaçu
"1200138";Bujari
"3552403";Sumaré
"4106605";Cruzeiro do Oeste
"1700400";Almas
"1506807";Santarém
"2931400";Teodoro Sampaio
"2917508";Jacobina
"2931905";Tucano
"3142700";Montalvânia
"2507606";Juarez Távora
"2502607";Igaracy
"3138351";Leme do Prado
"3167905";Tabuleiro
"3164100";São Pedro do Suaçuí
"3518008";Guarani d'Oeste
"4312179";Mato Queimado
"4318903";São Luiz Gonzaga
"4215356";Saltinho
"3546504";Santa Ernestina
"3516705";Garça
"2901205";Anagé
"3528809";Maracaí
"5208806";Goianira
"4122008";Rio Azul
"2705705";Olho d'Água das Flores
"5211800";Jaraguá
"3164472";São Sebastião do Anta
"2102077";Bom Lugar
"5205208";Caturaí
"3101102";Aimorés
"4122404";Rolândia
"2113009";Vitorino Freire
"5206701";Damianópolis
"2906501";Candeias
"3555307";Turmalina
"3544103";Rio Grande da Serra
"1505809";Portel
"5106307";Paranatinga
"3532405";Nazaré Paulista
"2501401";Baía da Traição
"3549508";São José da Bela Vista
"2508406";Lastro
"4320859";Tabaí
"3522802";Itaporanga
"5006606";Ponta Porã
"4213500";Porto Belo
"2508802";Malta
"3133501";Itapecerica
"3132404";Itajubá
"2110708";São Domingos do Maranhão
"2208502";Porto
"3118502";Consolação
"2608909";Limoeiro
"3133907";Itaverava
"2922003";Mucuri
"3502606";Aparecida d'Oeste
"2915809";Itambé
"1200344";Manoel Urbano
"5101605";Barão de Melgaço
"4120101";Porto Amazonas
"4314464";Pinhal da Serra
"4123857";Santa Maria do Oeste
"2301307";Araripe
"2933000";Valente
"3156205";Rochedo de Minas
"3203502";Montanha
"2310258";Paraipaba
"1200302";Feijó
"3121902";Divinésia
"2924900";Planaltino
"3108552";Brasilândia de Minas
"2600500";Águas Belas
"2513158";Santa Cecília
"2209450";Santo Antônio dos Milagres
"2505238";Cuité de Mamanguape
"4118907";Pérola
"4204806";Curitibanos
"2608503";Lagoa de Itaenga
"5100409";Alto Garças
"3203007";Iúna
"1300508";Barreirinha
"1501600";Bonito
"4105201";Cerro Azul
"4101408";Apucarana
"3108602";Brasília de Minas
"5207402";Edéia
"3103108";Antônio Prado de Minas
"2921500";Monte Santo
"3201902";Domingos Martins
"2303006";Caridade
"2930766";Sítio do Quinto
"3524402";Jacareí
"5107198";Ribeirãozinho
"3203601";Mucurici
"1715101";Novo Acordo
"5201405";Aparecida de Goiânia
"3544251";Rosana
"3145208";Nova Serrana
"2924405";Pilão Arcado
"2616001";Venturosa
"4210035";Luzerna
"3154101";Recreio
"3552304";Sud Mennucci
"2511509";Pilar
"3555604";Uchoa
"3513801";Diadema
"2904704";Buerarema
"3500303";Aguaí
"3552601";Tabapuã
"2901106";Amélia Rodrigues
"2205003";Itainópolis
"2204154";Francisco Macedo
"2804102";Moita Bonita
"4205100";Dona Emma
"2303600";Catarina
"4318424";São João da Urtiga
"3503703";Ariranha
"1505205";Oeiras do Pará
"2903953";Bom Jesus da Serra
"3304102";Porciúncula
"3554300";Teodoro Sampaio
"1720150";São Félix do Tocantins
"3506201";Bento de Abreu
"3109204";Buenópolis
"2516904";Uiraúna
"4202875";Brunópolis
"3123700";Engenheiro Caldas
"4307708";Esteio
"4313805";Palmitinho
"2412906";São Tomé
"5007703";Sete Quedas
"4316956";Santa Maria do Herval
"2806305";Santa Luzia do Itanhy
"3301207";Carmo
"3511300";Cedral
"4112405";Japurá
"3105905";Barroso
"3505807";Bastos
"2109759";Santa Filomena do Maranhão
"1600303";Macapá
"2904753";Buritirama
"2414001";Tangará
"3170701";Varginha
"2412559";São Miguel do Gostoso
"4122156";Rio Bonito do Iguaçu
"2203305";Demerval Lobão
"4319125";São Martinho da Serra
"3168309";Taquaraçu de Minas
"4113734";Luiziana
"2104909";Guimarães
"2308005";Massapê
"4301958";Barra Funda
"3164506";São Sebastião do Maranhão
"2102556";Campestre do Maranhão
"4121802";Ribeirão Claro
"4124053";Santa Terezinha de Itaipu
"2402808";Coronel Ezequiel
"3159803";Santa Vitória
"2204501";Guadalupe
"2613206";São João
"2311306";Quixadá
"4307500";Espumoso
"2203859";Floresta do Piauí
"3102704";Cachoeira de Pajeú
"2508208";Lagoa de Dentro
"4217808";Taió
"3304003";Piraí
"3170438";União de Minas
"3103405";Araçuaí
"3300902";Cambuci
"2210631";Sebastião Leal
"4322350";União da Serra
"4103909";Campina da Lagoa
"2302800";Canindé
"2932903";Valença
"2400604";Almino Afonso
"2202737";Coivaras
"3522208";Itapecerica da Serra
"2923506";Palmeiras
"3303401";Nova Friburgo
"4312906";Nova Bassano
"3553401";Tanabi
"2509156";Marizópolis
"1707207";Dois Irmãos do Tocantins
"4306957";Entre Rios do Sul
"1200328";Jordão
"2908804";Contendas do Sincorá
"2709004";Tanque d'Arca
"4210001";Luiz Alves
"4317954";Santo Expedito do Sul
"2413359";Serra do Mel
"2203800";Flores do Piauí
"2304905";Groaíras
"1508407";Xinguara
"4125209";São Jorge d'Oeste
"2612455";Santa Cruz
"2207850";Pavussu
"2802908";Itabaiana
"2108009";Pastos Bons
"2512200";Prata
"3305133";São José de Ubá
"3158706";Santana do Garambéu
"3543402";Ribeirão Preto
"3301801";Engenheiro Paulo de Frontin
"4306320";Derrubadas
"3169505";Tumiritinga
"3135506";Jequeri
"5220280";São Patrício
"4128534";Ventania
"3303302";Niterói
"4125407";São José da Boa Vista
"2920601";Maragogipe
"4216909";São Lourenço do Oeste
"3166105";Senhora do Porto
"4110656";Iracema do Oeste
"2703205";Igreja Nova
"3540705";Porto Ferreira
"1703008";Babaçulândia
"5104526";Ipiranga do Norte
"3201704";Conceição do Castelo
"2905404";Cairu
"2926202";Riachão das Neves
"1501956";Cachoeira do Piriá
"4121356";Rancho Alegre D'Oeste
"2910727";Eunápolis
"2508000";Juru
"3126901";Frei Inocêncio
"3511607";Cesário Lange
"1716208";Paranã
"4200705";Alfredo Wagner
"3132008";Itacambira
"3543238";Ribeirão dos Índios
"4219309";Videira
"2609154";Manari
"5107404";São Pedro da Cipa
"3103306";Aracitaba
"4121505";Rebouças
"3540903";Pradópolis
"4211256";Morro Grande
"3521150";Ipiguá
"2508703";Mãe d'Água
"1713304";Miranorte
"2603306";Calçado
"4320263";Segredo
"3146305";Padre Paraíso
"3149408";Pedro Teixeira
"2929370";São José do Jacuípe
"3528403";Mairinque
"5215256";Novo Planalto
"4123907";Santa Mariana
"3122306";Divinópolis
"4215307";Salete
"2304400";Fortaleza
"2505600";Diamante
"3167806";Soledade de Minas
"3147501";Passabém
"4308656";Garruchos
"2405603";Jardim de Piranhas
"1301407";Eirunepé
"3115805";Centralina
"3542107";Rafard
"2205953";Marcolândia
"3553906";Tarabai
"2901908";Aporá
"5004502";Itaporã
"3507001";Boituva
"4218202";Timbó
"3304300";Rio Bonito
"3133204";Itanhomi
"2505279";Curral de Cima
"4305900";Coronel Bicaco
"4205357";Flor do Sertão
"2515005";São Miguel de Taipu
"4105805";Colombo
"2303659";Catunda
"4119954";Pontal do Paraná
"3550209";São Miguel Arcanjo
"3305000";São João da Barra
"3150208";Piedade de Ponte Nova
"3150539";Pingo-d'Água
"4312708";Nonoai
"4218301";Três Barras
"4320321";Senador Salgado Filho
"5200209";Água Limpa
"2304202";Crato
"4202206";Benedito Novo
"3536257";Parisi
"3509007";Caieiras
"2407252";Major Sales
"3119708";Coronel Xavier Chaves
"2203503";Elesbão Veloso
"3106309";Belo Oriente
"3101607";Alfenas
"3204559";Santa Maria de Jetibá
"2615102";Terezinha
"3148707";Pedra Azul
"4206603";Guarujá do Sul
"4315354";Quinze de Novembro
"2300200";Acaraú
"2402006";Caicó
"4311205";Júlio de Castilhos
"4301925";Barra do Rio Azul
"4104428";Candói
"2210052";São José do Divino
"3555208";Turiúba
"2309003";Mucambo
"5005202";Ladário
"5001904";Bataguassu
"1708205";Formoso do Araguaia
"2706422";Pariconha
"2412104";São João do Sabugi
"3305109";São João de Meriti
"2111607";São Raimundo das Mangabeiras
"1301159";Careiro da Várzea
"2404309";Governador Dix-Sept Rosado
"3136306";João Pinheiro
"3541505";Presidente Venceslau
"2206506";Monsenhor Hipólito
"5005103";Jateí
"3141702";Mesquita
"2704807";Maribondo
"5104906";Jangada
"3519204";Iacri
"2208650";Queimada Nova
"2609907";Ouricuri
"2205565";Lagoa do Barro do Piauí
"2916708";Itaquara
"5221502";Turvânia
"3532009";Morungaba
"5101209";Araguainha
"2302404";Boa Viagem
"2900900";Almadina
"4312104";Mata
"3526407";Laranjal Paulista
"2933109";Várzea do Poço
"2112233";Trizidela do Vale
"4323507";Vista Alegre
"2800506";Areia Branca
"2102200";Buriti
"3556958";Vitória Brasil
"5108105";Tesouro
"3112653";Capitão Andrade
"2504702";Congo
"3536307";Patrocínio Paulista
"4310751";Ivorá
"4312674";Nicolau Vergueiro
"3545308";Salto de Pirapora
"1715705";Palmeirante
"2911709";Guanambi
"2312403";São Gonçalo do Amarante
"4218400";Treze de Maio
"1301704";Humaitá
"4123824";Santa Lúcia
"2207777";Patos do Piauí
"1711506";Jaú do Tocantins
"5006259";Novo Horizonte do Sul
"2901809";Antônio Gonçalves
"2919801";Macaúbas
"4106902";Curitiba
"3536000";Parapuã
"4314027";Paraíso do Sul
"3557204";Chavantes
"3167509";Simão Pereira
"3112703";Capitão Enéas
"1100098";Espigão D'Oeste
"5002159";Bodoquena
"3137700";Lajinha
"2406155";Jundiá
"2101301";Bacuri
"4309308";Guaíba
"2901957";Apuarema
"2202554";Caridade do Piauí
"3135357";Japonvar
"3106655";Berizal
"2210102";São José do Peixe
"4212403";Pedras Grandes
"4204459";Coronel Martins
"3144300";Nanuque
"3511508";Cerquilho
"3526605";Lavrinhas
"4117305";Ortigueira
"1500859";Anapu
"2901403";Angical
"2407609";Messias Targino
"4112801";Joaquim Távora
"1600600";Santana
"4112603";Jardim Olinda
"3158201";Santa Maria do Suaçuí
"3500600";Águas de São Pedro
"1100155";Ouro Preto do Oeste
"4109203";Guaraci
"4217758";Sul Brasil
"3518107";Guarantã
"2912400";Ibipeba
"3544707";Sagres
"4213153";Planalto Alegre
"3157807";Santa Luzia
"5200100";Abadiânia
"3149309";Pedro Leopoldo
"3102407";Alvorada de Minas
"2205540";Lagoinha do Piauí
"3153103";Presidente Bernardes
"4213104";Piratuba
"4306452";Dois Lajeados
"2922102";Mundo Novo
"3515707";Ferraz de Vasconcelos
"1505536";Parauapebas
"4214300";Rancho Queimado
"3305307";São Sebastião do Alto
"3149507";Pequeri
"5206206";Cristalina
"2204352";Geminiano
"3127602";Gouveia
"2201556";Bela Vista do Piauí
"4126272";Saudade do Iguaçu
"5102694";Canabrava do Norte
"3135803";Jequitinhonha
"2613701";São Lourenço da Mata
"4313375";Nova Santa Rita
"2917334";Iuiu
"1600055";Serra do Navio
"2929057";São Félix do Coribe
"3512209";Conchal
"4310363";Imigrante
"2209203";Santa Filomena
"4314423";Picada Café
"4319505";São Sebastião do Caí
"2606200";Goiana
"4104055";Campo Bonito
"2603801";Capoeiras
"3118304";Conselheiro Lafaiete
"2304657";Graça
"4209177";Jupiá
"3136959";Juvenília
"2905701";Camaçari
"5210406";Itaberaí
"3164001";São Pedro dos Ferros
"3513850";Dirce Reis
"4218350";Treviso
"2404853";Itajá
"3159605";Santa Rita do Sapucaí
"2102150";Brejo de Areia
"3547007";Santa Maria da Serra
"3538105";Pindorama
"1704105";Centenário
"4311734";Mampituba
"2412708";São Pedro
"5108303";União do Sul
"5107180";Ribeirão Cascalheira
"4126702";Tamboara
"5004106";Guia Lopes da Laguna
"3116605";Cláudio
"2606309";Granito
"4115606";Matelândia
"3122900";Dona Euzébia
"4311155";Jóia
"3115474";Catuti
"2928406";Santa Rita de Cássia
"2608206";Joaquim Nabuco
"2800605";Barra dos Coqueiros
"3515202";Estrela d'Oeste
"2707503";Porto Real do Colégio
"3170651";Vargem Grande do Rio Pardo
"4309803";Ibiaçá
"4120358";Pranchita
"4305306";Chapada
"2918506";Jussara
"4127106";Telêmaco Borba
"4128559";Vera Cruz do Oeste
"4310850";Jaboticaba
"4112900";Jundiaí do Sul
"4205605";Galvão
"2402907";Coronel João Pessoa
"5214002";Mozarlândia
"4116901";Nova Esperança
"5220009";São João d'Aliança
"4321709";Três Coroas
"2919900";Macururé
"4127809";Tomazina
"2910107";Dom Basílio
"1508357";Vitória do Xingu
"3547106";Santa Mercedes
"2914802";Itabuna
"4219408";Witmarsum
"4107108";Diamante do Norte
"3158409";Santana de Cataguases
"3142403";Moema
"3503109";Arandu
"4203006";Caçador
"2103703";Cururupu
"3305208";São Pedro da Aldeia
"1100908";Castanheiras
"2804607";Nossa Senhora das Dores
"2306306";Itapajé
"3527900";Lutécia
"3556701";Vinhedo
"5204904";Campos Belos
"4211876";Paial
"4322301";Tuparendi
"3126208";Formoso
"4110904";Itaguajé
"5222203";Vila Boa
"2605707";Floresta
"4211454";Nova Itaberaba
"4321907";Três Passos
"3534104";Oriente
"2806800";São Domingos
"3500709";Agudos
"1715150";Novo Alegre
"4202156";Belmonte
"2108702";Pio XII
"3502705";Apiaí
"3509957";Canas
"2408607";Paraná
"1300144";Apuí
"1400506";São João da Baliza
"3101706";Almenara
"4103958";Campina do Simão
"2503001";Caaporã
"3112059";Cantagalo
"3513504";Cubatão
"5107941";Tabaporã
"2101806";Benedito Leite
"4204558";Correia Pinto
"3146206";Ouro Verde de Minas
"1200179";Capixaba
"2110500";São Bento
"3507456";Borebi
"2102309";Buriti Bravo
"2211100";União
"3157609";Santa Fé de Minas
"1508100";Tucuruí
"2405306";Januário Cicco
"2103554";Conceição do Lago-Açu
"3127073";Fruta de Leite
"3108800";Braúnas
"2920007";Maiquinique
"2512903";Rio Tinto
"4309100";Gramado
"5212956";Matrinchã
"3506359";Bertioga
"4311601";Liberato Salzano
"5107040";Primavera do Leste
"3144904";Nova Módica
"2601508";Belém de Maria
"2701803";Carneiros
"2408904";Parelhas
"2913408";Igaporã
"3111804";Canápolis
"4215059";Rio Rufino
"3136579";Josenópolis
"3519709";Ibiúna
"4216057";São Cristóvão do Sul
"3543006";Ribeirão Branco
"5212303";Leopoldo de Bulhões
"1303569";Rio Preto da Eva
"2411007";Rodolfo Fernandes
"5206503";Cromínia
"2205409";Joaquim Pires
"2507507";João Pessoa
"4210100";Mafra
"3548054";Santo Antônio do Aracanguá
"3134608";Jaboticatubas
"4125308";São Jorge do Ivaí
"4107256";Douradina
"2504801";Coremas
"5003306";Coxim
"3517000";Getulina
"2106102";Loreto
"3506409";Bilac
"2110906";São Francisco do Maranhão
"2515500";Serra Branca
"2930006";Sebastião Laranjeiras
"2807204";Siriri
"3557006";Votorantim
"3110004";Caeté
"2501609";Barra de Santa Rosa
"3545803";Santa Bárbara d'Oeste
"3117405";Conceição de Ipanema
"3548708";São Bernardo do Campo
"3136009";Joaíma
"3553005";Taguaí
"2704906";Mar Vermelho
"2908002";Coaraci
"2206308";Miguel Leão
"3115359";Catas Altas
"4301909";Barra do Ribeiro
"2803104";Itabi
"5219506";Santa Rosa de Goiás
"5108501";Vera
"4306932";Entre-Ijuís
"4122305";Rio Negro
"4205407";Florianópolis
"4120705";Quatiguá
"2208403";Piripiri
"5205513";Cocalzinho de Goiás
"2803906";Malhador
"4308250";Floriano Peixoto
"2607109";Ingazeira
"3515152";Engenheiro Coelho
"3113602";Careaçu
"2910776";Feira da Mata
"5105903";Nobres
"2306801";Jaguaribara
"2904050";Bonito
"2908200";Conceição da Feira
"2923035";Novo Horizonte
"3556909";Vista Alegre do Alto
"3160454";Santo Antônio do Retiro
"4322525";Vale Verde
"2607703";Itapetim
"3304557";Rio de Janeiro
"4107850";Flor da Serra do Sul
"1600709";Tartarugalzinho
"4207502";Indaial
"2304707";Granja
"3541109";Presidente Alves
"3121001";Datas
"2203230";Currais
"3554003";Tatuí
"2926004";Remanso
"2311207";Potengi
"2311231";Potiretama
"3146107";Ouro Preto
"5200175";Água Fria de Goiás
"2314102";Viçosa do Ceará
"1506302";Salvaterra
"3512001";Colina
"3157302";Santa Bárbara do Tugúrio
"2608008";Jataúba
"2909109";Coribe
"3519071";Hortolândia
"4307450";Esperança do Sul
"2909000";Cordeiros
"2904506";Brotas de Macaúbas
"5208608";Goianésia
"1700707";Alvorada
"2209757";São Gonçalo do Gurguéia
"3555356";Ubarana
"3528007";Macatuba
"2804300";Muribeca
"3140159";Mário Campos
"1501907";Bujaru
"4318481";São José do Hortêncio
"3542305";Redenção da Serra
"1200500";Sena Madureira
"4214706";Rio dos Cedros
"2933307";Vitória da Conquista
"3550407";São Pedro
"2900207";Abaré
"1718758";Rio Sono
"4119657";Pitangueiras
"2403251";Parnamirim
"2807105";Simão Dias
"3166402";Seritinga
"3537008";Pedregulho
"2929404";São Miguel das Matas
"3518404";Guaratinguetá
"3525854";Jumirim
"2111409";São Luís Gonzaga do Maranhão
"2413102";Senador Elói de Souza
"2308906";Morrinhos
"2401859";Caiçara do Norte
"4318465";São José do Herval
"3510708";Cardoso
"1101450";Parecis
"3540804";Potirendaba
"5002951";Chapadão do Sul
"3204054";Pedro Canário
"2916500";Itapicuru
"3116100";Chapada do Norte
"3529708";Miguelópolis
"1100056";Cerejeiras
"2931608";Teolândia
"4203600";Campos Novos
"4300703";Anta Gorda
"1505551";Pau D'Arco
"3302908";Miguel Pereira
"2602902";Cabo de Santo Agostinho
"2111250";São José dos Basílios
"2611309";Pombos
"3305406";Sapucaia
"2905503";Caldeirão Grande
"3509304";Cajobi
"1101484";São Felipe D'Oeste
"3128105";Guapé
"4111902";Jaguapitã
"1711902";Lagoa da Confusão
"1718709";Rio dos Bois
"1505106";Óbidos
"3140407";Marmelópolis
"2311405";Quixeramobim
"4319703";São Valentim
"4211504";Nova Trento
"3137536";Lagoa Grande
"5108600";Vila Rica
"3161650";São Geraldo do Baixio
"4201802";Atalanta
"2905602";Camacan
"2702009";Coité do Nóia
"2901353";Andorinha
"3154200";Resende Costa
"3134004";Itinga
"4126306";Sengés
"3203353";Marilândia
"2602506";Brejinho
"4113106";Kaloré
"4304358";Candiota
"2302602";Camocim
"2907509";Catu
"3169000";Tocantins
"2409308";Patu
"3169406";Três Pontas
"3524501";Jaci
"2915106";Itagi
"3162948";São José da Barra
"4102208";Atalaia
"4124608";São Carlos do Ivaí
"4102604";Barracão
"3164308";São Roque de Minas
"3157658";Santa Helena de Minas
"2210979";Tanque do Piauí
"3514403";Dracena
"3105509";Barão de Monte Alto
"3124906";Eugenópolis
"3302304";Laje do Muriaé
"3519600";Ibitinga
"2206753";Nossa Senhora de Nazaré
"1600535";Porto Grande
"4318440";São Jorge
"2311009";Poranga
"3139409";Manhuaçu
"2509404";Mogeiro
"3516101";Florínea
"1200393";Porto Walter
"2407401";Martins
"4317756";Santo Antônio do Planalto
"3127008";Fronteira
"1712801";Maurilândia do Tocantins
"2918001";Jequié
"3133303";Itaobim
"5102678";Campo Verde
"2511004";Pedra Branca
"2515302";Sapé
"3529906";Miracatu
"4322103";Tucunduva
"2900355";Adustina
"2706703";Penedo
"3514700";Echaporã
"2400406";Água Nova
"4305157";Cerro Grande
"5203104";Baliza
"3532504";Neves Paulista
"1400175";Cantá
"4205175";Entre Rios
"2100105";Afonso Cunha
"3122603";Dom Joaquim
"1721257";Tupirama
"5221700";Uruana
"2310407";Paramoti
"5207600";Fazenda Nova
"5213855";Morro Agudo de Goiás
"2411502";Santo Antônio
"3156304";Rodeiro
"2921906";Mucugê
"5222302";Vila Propício
"4304630";Capão da Canoa
"2201919";Bom Princípio do Piauí
"3520202";Igaratá
"2112902";Vitória do Mearim
"3536505";Paulínia
"2205805";Luzilândia
"3102852";Angelândia
"5207808";Firminópolis
"3168606";Teófilo Otoni
"2410702";Riacho da Cruz
"3158102";Santa Maria do Salto
"3541703";Quatá
"4101853";Ariranha do Ivaí
"2404101";Galinhos
"2109239";Presidente Médici
"4214201";Quilombo
"3200706";Atílio Vivácqua
"3305604";Silva Jardim
"3109402";Buritizeiro
"2611903";Rio Formoso
"3511201";Catiguá
"5105150";Juína
"2100204";Alcântara
"2105658";Junco do Maranhão
"3119609";Coronel Pacheco
"3118403";Conselheiro Pena
"3545001";Salesópolis
"4314548";Pinto Bandeira
"2411403";Santana do Matos
"3140308";Marliéria
"2203453";Dom Inocêncio
"2907202";Casa Nova
"3509601";Campo Limpo Paulista
"1500404";Alenquer
"4301073";Arroio do Padre
"2613107";São Caitano
"5107578";Rondolândia
"4120002";Porecatu
"3527306";Louveira
"2200459";Alvorada do Gurguéia
"2201101";Avelino Lopes
"2512101";Pombal
"5106653";Pontal do Araguaia
"2300507";Alcântaras
"2902708";Barra
"3204906";São Mateus
"2110658";São Domingos do Azeitão
"4209508";Laurentino
"3148004";Patos de Minas
"5102850";Castanheira
"2201606";Beneditinos
"3133006";Itamonte
"5208152";Gameleira de Goiás
"3531704";Monteiro Lobato
"2210375";São Luis do Piauí
"3536604";Paulo de Faria
"4321832";Três Forquilhas
"1501402";Belém
"2204659";Ilha Grande
"2801306";Capela
"1502764";Cumaru do Norte
"2105500";João Lisboa
"4210209";Major Gercino
"1717008";Pindorama do Tocantins
"2409506";Pedra Grande
"3205200";Vila Velha
"5219001";Sanclerlândia
"4124020";Santa Tereza do Oeste
"2313401";Tianguá
"4106209";Contenda
"5004304";Iguatemi
"3167400";Silvianópolis
"3114105";Carmo de Minas
"4205506";Fraiburgo
"2102903";Carutapera
"4202537";Bom Jesus
"3536406";Paulicéia
"5103254";Colniza
"1300805";Borba
"3505708";Barueri
"2612554";Santa Filomena
"2102705";Cantanhede
"4309001";Giruá
"5107883";Serra Nova Dourada
"3120300";Cristália
"3139003";Machado
"1100254";Presidente Médici
"1504422";Marituba
"3507308";Boracéia
"2103307";Codó
"2806206";Salgado
"1716703";Colméia
"3115409";Catas Altas da Noruega
"2200053";Acauã
"4308508";Frederico Westphalen
"3137403";Lagoa Dourada
"4311981";Mariana Pimentel
"4127957";Tupãssi
"2310852";Pindoretama
"4207858";Irati
"1101609";Theobroma
"3109253";Bugre
"5218052";Porteirão
"3136553";José Raydan
"5221577";Uirapuru
"3522158";Itaoca
"3156452";Rosário da Limeira
"3127909";Grupiara
"4322202";Tupanciretã
"3511706";Charqueada
"4308078";Fazenda Vilanova
"2926301";Riachão do Jacuípe
"2805406";Poço Redondo
"3117504";Conceição do Mato Dentro
"2401503";Barcelona
"2510303";Nova Palmeira
"2701357";Campestre
"2503308";Cachoeira dos Índios
"3163904";São Pedro da União
"1507003";Santo Antônio do Tauá
"2308104";Mauriti
"4210704";Matos Costa
"3303856";Paty do Alferes
"3550001";São Luiz do Paraitinga
"2509008";Manaíra
"2408409";Olho d'Água do Borges
"1304302";Urucará
"3508108";Buritama
"2109056";Porto Rico do Maranhão
"5102504";Cáceres
"2503555";Cacimbas
"2308377";Miraíma
"3111705";Canaã
"2906600";Candiba
"3535200";Palmeira d'Oeste
"5007554";Santa Rita do Pardo
"2804409";Neópolis
"4308904";Getúlio Vargas
"2904407";Brejolândia
"4201901";Aurora
"2600104";Afogados da Ingazeira
"3145505";Olímpio Noronha
"2209559";São Braz do Piauí
"2308351";Milhã
"1710904";Itapiratins
"5219803";São Domingos
"3123528";Durandé
"2401651";Bodó
"3121308";Descoberto
"2513851";Santo André
"2903235";Barro Alto
"1501253";Bannach
"4105102";Centenário do Sul
"2202851";Coronel José Dias
"5004403";Inocência
"2414100";Tenente Ananias
"2106904";Monção
"3120201";Cristais
"3152131";Ponto Chique
"2910206";Dom Macedo Costa
"2400802";Angicos
"2202703";Cocal
"4119400";Piraí do Sul
"3501202";Álvares Florence
"4111704";Jaboti
"4310306";Ilópolis
"4114500";Manoel Ribas
"2201507";Batalha
"5100607";Alto Taquari
"2615201";Terra Nova
"1502806";Curralinho
"2104701";Graça Aranha
"3555406";Ubatuba
"3124708";Estrela do Indaiá
"3511904";Clementina
"2311702";Reriutaba
"2515971";Sobrado
"2600609";Alagoinha
"3146602";Paiva
"2306207";Itaiçaba
"2101939";Bernardo do Mearim
"3503950";Aspásia
"2306108";Irauçuba
"1720259";São Salvador do Tocantins
"3104700";Ataléia
"3148301";Paula Cândido
"2111722";Satubinha
"3532827";Nova Campina
"4200051";Abdon Batista
"3168903";Tiros
"3201407";Castelo
"5221403";Trindade
"4301750";Barão do Triunfo
"1100502";Novo Horizonte do Oeste
"2906808";Cansanção
"3203403";Mimoso do Sul
"4105003";Catanduvas
"2805604";Porto da Folha
"2107100";Morros
"2603405";Calumbi
"4311908";Marcelino Ramos
"5107925";Sorriso
"2931103";Tanquinho
"2312502";São João do Jaguaribe
"5212055";Jesúpolis
"3123106";Dores de Guanhães
"3300159";Aperibé
"2510204";Nova Olinda
"2411106";Ruy Barbosa
"3117900";Congonhal
"2906873";Capim Grosso
"2910602";Esplanada
"4118808";Peabiru
"4312302";Miraguaí
"5208509";Goiandira
"5003702";Dourados
"2105302";Imperatriz
"3125903";Ferros
"2806701";São Cristóvão
"3129707";Ibiraci
"4117503";Paiçandu
"2202505";Caracol
"3144359";Naque
"4108320";Francisco Alves
"3552205";Sorocaba
"2508109";Lagoa
"5213707";Montes Claros de Goiás
"2303501";Cascavel
"3170206";Uberlândia
"3534757";Ouroeste
"3135902";Jesuânia
"2101970";Boa Vista do Gurupi
"3158300";Santana da Vargem
"3149101";Pedralva
"3141207";Matutina
"3102050";Alto Caparaó
"3170107";Uberaba
"2408003";Mossoró
"1720002";Santa Terezinha do Tocantins
"2409100";Passa e Fica
"4322707";Vera Cruz
"3157500";Santa Efigênia de Minas
"2932101";Ubaíra
"4211850";Ouro Verde
"3106200";Belo Horizonte
"5200050";Abadia de Goiás
"4315206";Putinga
"2312205";Santa Quitéria
"5106208";Nova Brasilândia
"2306702";Jaguaretama
"1713700";Monte Santo do Tocantins
"5107701";Rosário Oeste
"4120507";Primeiro de Maio
"2103505";Colinas
"2926806";Rio do Antônio
"3138674";Luisburgo
"4307807";Estrela
"3531308";Monte Alto
"3106507";Berilo
"1706100";Cristalândia
"2109403";Primeira Cruz
"3526902";Limeira
"2414159";Tenente Laurentino Cruz
"2807600";Umbaúba
"3124104";Esmeraldas
"4313060";Nova Hartz
"4101507";Arapongas
"1303809";São Gabriel da Cachoeira
"4210308";Major Vieira
"2200509";Amarante
"2928000";Santaluz
"3167301";Silveirânia
"2209377";Santa Rosa do Piauí
"2201739";Betânia do Piauí
"4120804";Quatro Barras
"2201770";Boa Hora
"5107792";Santo Antônio do Leste
"3515194";Espírito Santo do Turvo
"2304608";General Sampaio
"4102307";Balsa Nova
"2927705";Santa Cruz Cabrália
"5107354";São José do Xingu
"4319158";São Miguel das Missões
"1702901";Axixá do Tocantins
"2410900";Riachuelo
"4304614";Canudos do Vale
"2902658";Banzaê
"3202306";Guaçuí
"2601706";Belo Jardim
"2311900";Saboeiro
"4314506";Pinheiro Machado
"2926509";Ribeira do Amparo
"1507409";São Francisco do Pará
"2906402";Candeal
"2905909";Campo Alegre de Lourdes
"4203501";Campo Erê
"2928703";Santo Antônio de Jesus
"3554904";Três Fronteiras
"3517109";Glicério
"2701407";Campo Alegre
"2307205";Jati
"3508603";Cachoeira Paulista
"2401701";Bom Jesus
"3140001";Mariana
"3543303";Ribeirão Pires
"3107703";Bom Jesus do Amparo
"2300408";Aiuaba
"5216452";Perolândia
"2605400";Feira Nova
"2909703";Cristópolis
"3525607";João Ramalho
"3303708";Paraíba do Sul
"3529104";Marinópolis
"2407906";Monte das Gameleiras
"3134707";Jacinto
"3551207";Sarutaiá
"3144409";Natércia
"3171105";Veríssimo
"2901601";Antas
"2204550";Guaribas
"1705607";Conceição do Tocantins
"3520103";Igarapava
"4217303";Saudades
"3119401";Coronel Fabriciano
"3132701";Itambacuri
"2201903";Bom Jesus
"5203962";Buritinópolis
"5205307";Cavalcante
"1505007";Nova Timboteua
"2516300";Sumé
"2206605";Monte Alegre do Piauí
"3530409";Mirassolândia
"4207601";Ipira
"5221551";Turvelândia
"1200054";Assis Brasil
"2615003";Taquaritinga do Norte
"3503356";Arco-Íris
"1710508";Itacajá
"2312908";Sobral
"5001508";Bandeirantes
"2206407";Monsenhor Gil
"5106158";Nova Bandeirantes
"2920106";Mairi
"3152709";Prados
"4314308";Pejuçara
"1703867";Cariri do Tocantins
"1506112";Quatipuru
"4312427";Mormaço
"2709301";União dos Palmares
"3107208";Bocaina de Minas
"3136603";Nova União
"4118402";Paranavaí
"1718451";Pugmil
"3104205";Arcos
"4220000";Balneário Rincão
"3107802";Bom Jesus do Galho
"2205276";Jatobá do Piauí
"2601102";Araripina
"3135209";Januária
"3121407";Desterro de Entre Rios
"3205176";Vila Valério
"4127700";Toledo
"1504000";Limoeiro do Ajuru
"2207009";Oeiras
"2111003";São João Batista
"1714302";Nazaré
"4312401";Montenegro
"2403707";Felipe Guerra
"4311809";Marau
"3538600";Piracaia
"3155405";Rio Novo
"2910701";Euclides da Cunha
"1200401";Rio Branco
"1506104";Primavera
"3545159";Saltinho
"4316436";Saldanha Marinho
"3139102";Madre de Deus de Minas
"2204303";Fronteiras
"3137809";Lambari
"5107875";Sapezal
"3133105";Itanhandu
"3109600";Cachoeira da Prata
"3526308";Lagoinha
"3546108";Santa Clara d'Oeste
"2609600";Olinda
"2800704";Brejo Grande
"3148509";Pavão
"3540259";Pontalinda
"2208551";Porto Alegre do Piauí
"2105450";Jatobá
"5007208";Rio Brilhante
"2211407";Várzea Grande
"4119509";Piraquara
"3139904";Maria da Fé
"3302502";Magé
"4306304";David Canabarro
"5204300";Caçu
"3109105";Bueno Brandão
"3101508";Além Paraíba
"1505908";Porto de Moz
"3128402";Guarani
"3122207";Divinolândia de Minas
"4101655";Arapuã
"4215802";São Bento do Sul
"3109303";Buritis
"2911907";Iaçu
"3500808";Alfredo Marcondes
"1702208";Araguatins
"1303205";Novo Airão
"4302584";Bozano
"3302205";Itaperuna
"3169059";Tocos do Moji
"1200336";Mâncio Lima
"2921807";Mortugaba
"3156403";Romaria
"2508604";Lucena
"5218805";Rio Verde
"2613404";São José da Coroa Grande
"2906709";Cândido Sales
"2925253";Ponto Novo
"4211702";Orleans
"2509396";Maturéia
"3126307";Fortaleza de Minas
"2501153";Areia de Baraúnas
"3166006";Senhora de Oliveira
"2102606";Cândido Mendes
"3304144";Queimados
"2514404";São José de Espinharas
"3130200";Igaratinga
"2411601";São Bento do Norte
"2612604";Santa Maria da Boa Vista
"2929008";São Félix
"3539707";Platina
"2929107";São Felipe
"5219902";São Francisco de Goiás
"4111100";Itambé
"4107801";Floraí
"5003488";Dois Irmãos do Buriti
"4121307";Rancho Alegre
"1718840";Sandolândia
"2610400";Parnamirim
"2600302";Agrestina
"5213103";Mineiros
"3145372";Novorizonte
"3104304";Areado
"3127503";Gonzaga
"4312153";Mato Leitão
"2912202";Ibicoara
"2513703";Santa Rita
"4106308";Corbélia
"4117107";Nova Londrina
"2700706";Batalha
"4210605";Massaranduba
"3140100";Marilac
"4105607";Cidade Gaúcha
"3147402";Paraopeba
"3167202";Sete Lagoas
"2500536";Alcantil
"2505303";Curral Velho
"2908507";Conceição do Jacuípe
"2304103";Crateús
"3512902";Cosmorama
"4117008";Nova Fátima
"2909802";Cruz das Almas
"1300706";Boca do Acre
"4110508";Ipiranga
"2920304";Malhada de Pedras
"3554953";Tuiuti
"4113205";Lapa
"3142502";Monjolos
"3543709";Rincão
"2207801";Paulistana
"2313807";Uruburetama
"3507407";Borborema
"3526001";Junqueirópolis
"2611804";Ribeirão
"4124004";Santana do Itararé
"4108809";Guaíra
"3126802";Frei Gaspar
"4102109";Astorga
"4209904";Lontras
"1718899";Santa Rita do Tocantins
"4303103";Cachoeirinha
"4103354";Braganey
"5212907";Marzagão
"5217302";Pirenópolis
"2202711";Cocal de Telha
"3547908";Santo Antônio da Alegria
"3114550";Carneirinho
"4320008";Sapucaia do Sul
"2313955";Varjota
"3129608";Ibiaí
"5000708";Anastácio
"4303004";Cachoeira do Sul
"5211602";Ivolândia
"2704708";Marechal Deodoro
"1100080";Costa Marques
"2310209";Paracuru
"4305504";Ciríaco
"5004700";Ivinhema
"2313609";Ubajara
"4120309";Porto Vitória
"2104628";Governador Luiz Rocha
"2303402";Carnaubal
"3161700";São Gonçalo do Abaeté
"2410801";Riacho de Santana
"3160207";Santo Antônio do Itambé
"5007406";Rio Verde de Mato Grosso
"2909307";Correntina
"2109205";Presidente Juscelino
"2208908";Ribeiro Gonçalves
"2605152";Dormentes
"3135407";Jeceaba
"3161056";São Félix de Minas
"5210158";Ipiranga de Goiás
"2512309";Princesa Isabel
"4319406";São Pedro do Sul
"2102374";Cachoeira Grande
"2405801";João Câmara
"4103800";Cambira
"4125704";São Miguel do Iguaçu
"2200954";Aroeiras do Itaim
"4302709";Butiá
"2931350";Teixeira de Freitas
"2303303";Cariús
"4215208";Romelândia
"2110203";Santa Rita
"5204508";Caldas Novas
"1300680";Boa Vista do Ramos
"3117108";Conceição da Aparecida
"4216206";São Francisco do Sul
"3507605";Bragança Paulista
"4313409";Novo Hamburgo
"5212501";Luziânia
"3300225";Areal
"3108206";Bonfinópolis de Minas
"2201309";Barreiras do Piauí
"4116703";Nova Aurora
"5106778";Porto Alegre do Norte
"3551405";Serra Azul
"2604700";Correntes
"3523305";Itariri
"5211503";Itumbiara
"2906006";Campo Formoso
"4109807";Ibiporã
"4219705";Xaxim
"2301109";Aracati
"3537701";Piacatu
"3143708";Morro do Pilar
"2100600";Amarante do Maranhão
"3302452";Macuco
"2702702";Feliz Deserto
"4305835";Coqueiro Baixo
"2932457";Umburanas
"2110856";São Francisco do Brejão
"1100700";Campo Novo de Rondônia
"1508308";Viseu
"4204178";Cerro Negro
"2413201";Senador Georgino Avelino
"2929305";São Gonçalo dos Campos
"4209300";Lages
"1400472";Rorainópolis
"3508405";Cabreúva
"3153905";Raposos
"3535101";Palmares Paulista
"3505906";Batatais
"3107000";Biquinhas
"4313391";Novo Cabrais
"4313508";Osório
"3300258";Arraial do Cabo
"4305108";Caxias do Sul
"1718865";Santa Fé do Araguaia
"4207577";Iomerê
"2905206";Caetité
"2203008";Cristalândia do Piauí
"4126355";Serranópolis do Iguaçu
"2606705";Ibirajuba
"3125952";Fervedouro
"2501807";Bayeux
"4206801";Ibicaré
"1720499";São Valério
"3125200";Fama
"4108957";Guamiranga
"3547650";Santa Salete
"3128808";Guidoval
"3171154";Vermelho Novo
"4306809";Encantado
"2112100";Timbiras
"4212270";Passos Maia
"4216107";São Domingos
"4116604";Nova América da Colina
"2806503";Santa Rosa de Lima
"3161205";São Francisco de Paula
"4115101";Mariluz
"4203154";Calmon
"2700102";Água Branca
"2916401";Itapetinga
"3143153";Monte Formoso
"5002100";Bela Vista
"4213609";Porto União
"4302055";Benjamin Constant do Sul
"3144706";Nova Era
"4116505";Nova Aliança do Ivaí
"1718550";Riachinho
"5103437";Curvelândia
"3153004";Pratinha
"3136702";Juiz de Fora
"4321303";Taquari
"3521804";Itaí
"4208302";Itapema
"2400307";Afonso Bezerra
"2302008";Barro
"1400100";Boa Vista
"3527405";Lucélia
"2500734";Amparo
"3304409";Rio Claro
"2508901";Mamanguape
"2204402";Gilbués
"5219209";Santa Cruz de Goiás
"5007695";São Gabriel do Oeste
"3555000";Tupã
"5107297";São José do Povo
"2933174";Varzedo
"3150109";Piau
"3157278";Santa Bárbara do Monte Verde
"2804458";Nossa Senhora Aparecida
"3139201";Malacacheta
"3145802";Onça de Pitangui
"1600501";Oiapoque
"2112274";Tufilândia
"4122701";Sabáudia
"3114709";Carvalhópolis
"3101631";Alfredo Vasconcelos
"3138203";Lavras
"3554755";Trabiju
"2301406";Aratuba
"5006309";Paranaíba
"3137205";Lagoa da Prata
"1300904";Canutama
"4320701";Sobradinho
"4215901";São Bonifácio
"2100907";Araioses
"5204854";Campo Limpo de Goiás
"3542503";Reginópolis
"2516102";Soledade
"2906204";Canarana
"5202353";Arenópolis
"4124806";São João
"5001243";Aral Moreira
"3113305";Carangola
"3149952";Periquito
"3201803";Divino de São Lourenço
"3300209";Araruama
"4107124";Diamante do Sul
"4206405";Guaraciaba
"5207253";Doverlândia
"3527603";Luís Antônio
"2403202";Doutor Severiano
"2708808";São Sebastião
"4205555";Frei Rogério
"2805901";Riachuelo
"4213203";Pomerode
"2913507";Iguaí
"5101308";Arenápolis
"3170503";Urucânia
"2403103";Currais Novos
"3122405";Divisa Nova
"4311775";Maquiné
"3517901";Guaraci
"3107109";Boa Esperança
"3146750";Palmópolis
"2930808";Souto Soares
"2925808";Queimadas
"1504059";Mãe do Rio
"2913804";Ipecaetá
"3557303";Estiva Gerbi
"2504504";Condado
"3515608";Fernando Prestes
"4200903";Angelina
"3136108";Joanésia
"2604205";Catende
"4125605";São Mateus do Sul
"4305405";Chiapetta
"2703304";Inhapi
"2504207";Catingueira
"4120333";Prado Ferreira
"4302303";Bom Jesus
"1715754";Palmeirópolis
"3147204";Paraguaçu
"3510005";Cândido Mota
"2105005";Humberto de Campos
"2930758";Sítio do Mato
"2201804";Bocaina
"3104601";Astolfo Dutra
"1720937";Taipas do Tocantins
"1505635";Piçarra
"5106190";Nova Santa Helena
"1304401";Urucurituba
"2509800";Mulungu
"2103000";Caxias
"2201051";Assunção do Piauí
"2301703";Aurora
"2511608";Pilões
"2207306";Paes Landim
"3555109";Tupi Paulista
"2606101";Glória do Goitá
"3156007";Rio Vermelho
"3556800";Viradouro
"2701704";Capela
"3511102";Catanduva
"3144201";Nacip Raydan
"2207108";Olho D'Água do Piauí
"3140704";Mateus Leme
"5105606";Matupá
"4111803";Jacarezinho
"2203909";Floriano
"2410108";Poço Branco
"2916856";Itatim
"5200134";Acreúna
"3106606";Bertópolis
"2929206";São Francisco do Conde
"3105707";Barra Longa
"5209150";Gouvelândia
"1717800";Ponte Alta do Bom Jesus
"2210706";Simões
"4113601";Lobato
"2600401";Água Preta
"4311627";Lindolfo Collor
"4101309";Antônio Olinto
"2102036";Bom Jesus das Selvas
"5220504";Serranópolis
"2927903";Santa Inês
"2515930";Sertãozinho
"3304110";Porto Real
"4208401";Itapiranga
"4315404";Redentora
"2203255";Curralinhos
"3510401";Capivari
"2205524";Júlio Borges
"1720200";São Miguel do Tocantins
"4319364";São Pedro das Missões
"1502939";Dom Eliseu
"2304459";Fortim
"2607950";Jaqueira
"5218706";Rianápolis
"5002308";Brasilândia
"1302405";Lábrea
"5217104";Piracanjuba
"3153509";Alto Jequitibá
"3153707";Quartel Geral
"2205573";Lagoa de São Francisco
"4310462";Ipiranga do Sul
"2400505";Alexandria
"5221452";Trombas
"3128204";Guaraciaba
"3302270";Japeri
"2926905";Rio do Pires
"3546603";Santa Fé do Sul
"3150158";Piedade de Caratinga
"4302253";Boa Vista do Sul
"4316303";Roque Gonzales
"3125408";Felício dos Santos
"5100805";Apiacás
"3148608";Peçanha
"3170909";Varzelândia
"2913101";Ibititá
"2411809";São Fernando
"2108900";Poção de Pedras
"1703057";Bandeirantes do Tocantins
"5006002";Nova Alvorada do Sul
"3106002";Bela Vista de Minas
"5106372";Pedra Preta
"4315057";Porto Mauá
"5213053";Mimoso de Goiás
"5104203";Guiratinga
"4304903";Casca
"3160108";Santo Antônio do Grama
"2600708";Aliança
"2933059";Várzea da Roça
"3152105";Ponte Nova
"3164803";São Sebastião do Rio Preto
"1507961";Terra Alta
"1506005";Prainha
"4203808";Canoinhas
"2914901";Itacaré
"1200609";Tarauacá
"2108454";Peritoró
"4323200";Victor Graeff
"2300150";Acarape
"2904902";Cachoeira
"2402303";Caraúbas
"5005707";Naviraí
"4217907";Tangará
"2205151";Jacobina do Piauí
"2506103";Fagundes
"3300936";Carapebus
"3548104";Santo Antônio do Jardim
"2920809";Marcionílio Souza
"2305704";Ipaumirim
"3551108";Sarapuí
"4111001";Itambaracá
"4205209";Erval Velho
"4124509";Santo Inácio
"1506500";Santa Izabel do Pará
"1506195";Rurópolis
"4305975";Coxilha
"4110607";Iporã
"3551900";Severínia
"5205497";Cidade Ocidental
"4219002";Urussanga
"2911808";Guaratinga
"4316907";Santa Maria
"1504505";Melgaço
"2605509";Ferreiros
"2512408";Puxinanã
"2911204";Gandu
"4215455";Sangão
"4317251";Santa Tereza
"1504406";Marapanim
"2925956";Rafael Jambeiro
"2902203";Aramari
"2406205";Lagoa d'Anta
"2301901";Barbalha
"2512036";Poço Dantas
"2930501";Serrinha
"2211209";Uruçuí
"3144805";Nova Lima
"3136900";Juruaia
"3102100";Alto Rio Doce
"2903201";Barreiras
"3170008";Ubaí
"4104709";Carlópolis
"3509700";Campos do Jordão
"2310605";Penaforte
"4323408";Vila Maria
"3516903";General Salgado
"4109401";Guarapuava
"2906907";Caravelas
"2107605";Palmeirândia
"4114708";Maria Helena
"2708600";São Miguel dos Campos
"4106506";Coronel Vivida
"2910909";Firmino Alves
"2923050";Novo Triunfo
"3555901";Uru
"4210902";Modelo
"2504850";Coxixola
"2410603";Rafael Godeiro
"2514453";São José dos Ramos
"3142106";Miradouro
"5221197";Terezópolis de Goiás
"3171204";Vespasiano
"4102752";Bela Vista da Caroba
"3154309";Resplendor
"4302501";Bossoroca
"4308003";Faxinal do Soturno
"3525706";José Bonifácio
"2104057";Estreito
"2915205";Itagibá
"5221908";Varjão
"2400109";Acari
"2307007";Jaguaruana
"3121258";Delta
"2916104";Itaparica
"3143401";Monte Sião
"1302306";Jutaí
"3539004";Pirangi
"3202256";Governador Lindenberg
"3507159";Bom Sucesso de Itararé
"2604908";Cumaru
"2601052";Araçoiaba
"3552106";Socorro
"2601904";Bezerros
"2705200";Messias
"2615508";Tracunhaém
"2403756";Fernando Pedroza
"4113007";Jussara
"2608602";Lagoa do Ouro
"3166204";Senhora dos Remédios
"3170479";Uruana de Minas
"2203750";Fartura do Piauí
"3145406";Olaria
"2308302";Milagres
"3152204";Porteirinha
"5103007";Chapada dos Guimarães
"3300233";Armação dos Búzios
"3127354";Glaucilândia
"3203809";Muqui
"4318101";São Francisco de Assis
"3131208";Ipanema
"5200308";Alexânia
"2310506";Pedra Branca
"5106802";Porto dos Gaúchos
"2932408";Uibaí
"3542909";Ribeirão Bonito
"3145877";Orizânia
"2912608";Ibiquera
"4314472";Pinhal Grande
"4207106";Ilhota
"2300804";Antonina do Norte
"4314902";Porto Alegre
"3162401";São João da Ponte
"3152600";Pouso Alto
"2112456";Turilândia
"2904803";Caatiba
"4116059";Missal
"3524709";Jaguariúna
"2925006";Planalto
"3549250";São João de Iracema
"2927507";Santa Bárbara
"4105508";Cianorte
"3127339";Gameleiras
"2610202";Panelas
"2108207";Pedreiras
"3148806";Pedra do Anta
"2411700";São Bento do Trairí
"4216800";São José do Cerrito
"4119608";Pitanga
"4108601";Goioerê
"4110805";Iretama
"3129905";Ibitiúra de Minas
"5204102";Cachoeira Alta
"3514957";Embaúba
"5101852";Bom Jesus do Araguaia
"4310579";Itapuca
"1701309";Aragominas
"2204907";Isaías Coelho
"2107209";Nina Rodrigues
"4310504";Iraí
"3113206";Carandaí
"3120102";Couto de Magalhães de Minas
"4108452";Foz do Jordão
"4211603";Nova Veneza
"4112504";Jardim Alegre
"2312601";São Luís do Curu
"2505204";Cuitegi
"2911857";Heliópolis
"2903607";Biritinga
"2408706";Paraú
"2613602";São José do Egito
"2406502";Lagoa Nova
"2305233";Horizonte
"4301503";Augusto Pestana
"2805000";Pedra Mole
"2506707";Imaculada
"5209705";Hidrolândia
"3303609";Paracambi
"3151404";Pitangui
"3512704";Corumbataí
"2611705";Riacho das Almas
"4110300";Inajá
"2309102";Mulungu
"2105476";Jenipapo dos Vieiras
"4203253";Capão Alto
"2915502";Itajuípe
"3536109";Pardinho
"3504909";Bananal
"2916005";Itanhém
"3515350";Euclides da Cunha Paulista
"5212204";Jussara
"1701051";Angico
"4307302";Erval Seco
"3553955";Tarumã
"1504208";Marabá
"3530805";Mogi Mirim
"2919603";Macajuba
"2704401";Major Isidoro
"3548807";São Caetano do Sul
"2510709";Passagem
"2101350";Bacurituba
"1720804";Sítio Novo do Tocantins
"2510659";Parari
"5203203";Barro Alto
"3555703";União Paulista
"2309508";Orós
"5003207";Corumbá
"3509403";Cajuru
"3516200";Franca
"2202026";Buriti dos Montes
"2503753";Cajazeirinhas
"4314159";Paverama
"4314001";Paraí
"4215695";Santiago do Sul
"3553104";Taiaçu
"4318499";São José do Inhacorá
"2202729";Cocal dos Alves
"3144003";Mutum
"3502903";Araçoiaba da Serra
"2917607";Jaguaquara
"1100288";Rolim de Moura
"1507466";São João da Ponta
"4322558";Vanini
"4204509";Corupá
"4323606";Vista Alegre do Prata
"2208874";Ribeira do Piauí
"2406106";Jucurutu
"4302352";Bom Princípio
"1716505";Pedro Afonso
"1702554";Augustinópolis
"3544806";Sales
"4124707";São Jerônimo da Serra
"4104808";Cascavel
"2908101";Cocos
"1501204";Baião
"3155504";Rio Paranaíba
"3170305";Umburatiba
"3157005";Salinas
"3149200";Pedrinópolis
"3301900";Itaboraí
"2401107";Areia Branca
"2512804";Riacho dos Cavalos
"3159357";Santa Rita de Minas
"2802106";Estância
"3512407";Cordeirópolis
"1505502";Paragominas
"3153202";Presidente Juscelino
"2921005";Mata de São João
"3161007";São Domingos do Prata
"2614808";Tacaratu
"2706448";Paripueira
"2904209";Botuporã
"2927408";Salvador
"4110953";Itaipulândia
"1500206";Acará
"4208609";Jaborá
"3154705";Ribeirão Vermelho
"3532702";Nipoã
"3109006";Brumadinho
"3106101";Belmiro Braga
"3528601";Manduri
"2513307";Santa Helena
"4317608";Santo Antônio da Patrulha
"4123709";Santa Isabel do Ivaí
"3150000";Pescador
"3300605";Bom Jesus do Itabapoana
"3157203";Santa Bárbara
"2513802";Santa Teresinha
"2110039";Santa Luzia do Paruá
"5208905";Goiás
"3121803";Dionísio
"3103603";Arantina
"2701308";Cajueiro
"2702504";Dois Riachos
"2101509";Barão de Grajaú
"5204953";Campos Verdes
"2107456";Olinda Nova do Maranhão
"2912707";Ibirapitanga
"1504109";Magalhães Barata
"2309904";Pacujá
"3151602";Planura
"4323101";Vicente Dutra
"2209658";São Francisco de Assis do Piauí
"5002001";Batayporã
"1503705";Itupiranga
"3517802";Guaraçaí
"3135100";Janaúba
"3518206";Guararapes
"3514601";Dumont
"4202859";Braço do Trombudo
"4309126";Gramado dos Loureiros
"4108551";Godoy Moreira
"4320578";Sete de Setembro
"4301404";Arvorezinha
"2205102";Itaueira
"2304509";Frecheirinha
"2918100";Jeremoabo
"4128609";Verê
"2604403";Chã de Alegria
"4303905";Campo Bom
"1600105";Amapá
"4114906";Marilândia do Sul
"2410009";Pilões
"3147303";Paraisópolis
"4115457";Marquinho
"2104073";Feira Nova do Maranhão
"4308300";Fontoura Xavier
"1706258";Crixás do Tocantins
"5222005";Vianópolis
"4216701";São José do Cedro
"2202901";Corrente
"1506583";Santa Maria das Barreiras
"2902609";Baixa Grande
"2922854";Nova Redenção
"4301008";Arroio do Meio
"1503309";Igarapé-Miri
"5209457";Guarinos
"3556008";Urupês
"3149804";Perdizes
"4123956";Santa Mônica
"3134202";Ituiutaba
"3544608";Sabino
"2921302";Milagres
"2106706";Mirador
"2929503";São Sebastião do Passé
"3106408";Belo Vale
"2506509";Gurjão
"2114007";Zé Doca
"3521101";Ipeúna
"4301859";Barra do Guarita
"3519808";Icém
"2611408";Primavera
"5216403";Paraúna
"2610806";Pedra
"3158508";Santana de Pirapama
"3168101";Tapira
"3160306";Santo Antônio do Jacinto
"1600253";Itaubal
"4203709";Canelinha
"2303907";Chaval
"1500958";Aurora do Pará
"2100808";Anapurus
"3123502";Douradoquara
"2933604";Xique-Xique
"2403004";Cruzeta
"2412500";São Miguel
"2104305";Godofredo Viana
"4101101";Andirá
"3160405";Santo Antônio do Monte
"4102901";Bituruna
"4305355";Charqueadas
"4217501";Seara
"2917201";Ituaçu
"5103601";Dom Aquino
"3546900";Santa Lúcia
"4109708";Ibaiti
"3303500";Nova Iguaçu
"2111763";Senador La Rocque
"2929800";Saúde
"4107405";Enéas Marques
"1100452";Buritis
"3129103";Gurinhatã
"3106903";Bicas
"2111953";Sucupira do Riachão
"4117701";Palmeira
"3168408";Tarumirim
"3513702";Descalvado
"4209805";Leoberto Leal
"2603702";Canhotinho
"2111631";São Raimundo do Doca Bezerra
"2402600";Ceará-Mirim
"2700409";Atalaia
"2919108";Lamarão
"2504074";Caraúbas
"3529203";Martinópolis
"5218904";Rubiataba
"2504009";Campina Grande
"1303536";Presidente Figueiredo
"2903300";Barro Preto
"2922656";Nordestina
"1719004";Santa Tereza do Tocantins
"4110003";Iguaraçu
"3525102";Jardinópolis
"5219712";Santo Antônio da Barra
"3158805";Santana do Jacaré
"2914703";Itaberaba
"1721000";Palmas
"2204600";Hugo Napoleão
"1300631";Beruri
"3204807";São José do Calçado
"3556404";Vargem Grande do Sul
"4216305";São João Batista
"5214051";Mundo Novo
"2801009";Campo do Brito
"3121704";Diogo de Vasconcelos
"2502003";Belém do Brejo do Cruz
"3534401";Osasco
"3119807";Córrego Danta
"4201109";Anitápolis
"2613909";Serra Talhada
"1502509";Chaves
"1501808";Breves
"5107206";Rio Branco
"2921054";Matina
"3200300";Alfredo Chaves
"2605459";Fernando de Noronha
"4305454";Cidreira
"3520426";Ilha Comprida
"2919058";Lajedo do Tabocal
"2109270";Presidente Sarney
"4321477";Tiradentes do Sul
"4211306";Navegantes
"3502101";Andradina
"2611002";Petrolândia
"2505352";Damião
"5214606";Niquelândia
"5002209";Bonito
"3542800";Ribeira
"4212239";Paraíso
"3146701";Palma
"2602209";Bom Jardim
"3541901";Queluz
"1100015";Alta Floresta D'Oeste
"4213302";Ponte Alta
"2508307";Lagoa Seca
"4209003";Joaçaba
"4106407";Cornélio Procópio
"3205069";Venda Nova do Imigrante
"4108502";General Carneiro
"2900504";Érico Cardoso
"3139508";Manhumirim
"5103957";Glória D'Oeste
"3549953";São Lourenço da Serra
"3300456";Belford Roxo
"2503407";Cacimba de Areia
"2108256";Pedro do Rosário
"4119707";Planaltina do Paraná
"2412302";São José do Campestre
"2410306";Serra Caiada
"1721208";Tocantinópolis
"2408508";Ouro Branco
"4218905";Urubici
"4302378";Bom Progresso
"1303601";Santa Isabel do Rio Negro
"5200506";Aloândia
"3204351";Rio Bananal
"2708006";Santana do Ipanema
"3542206";Rancharia
"3131703";Itabira
"1100072";Corumbiara
"5205802";Corumbá de Goiás
"4117214";Nova Santa Bárbara
"3555802";Urânia
"5210000";Inhumas
"4204194";Chapadão do Lageado
"2313104";Tabuleiro do Norte
"4312351";Montauri
"2612703";Santa Maria do Cambucá
"4305116";Centenário
"3301306";Casimiro de Abreu
"2508554";Logradouro
"5005004";Jardim
"4307609";Estância Velha
"3157708";Santa Juliana
"2101772";Bela Vista do Maranhão
"3519006";Herculândia
"4310405";Independência
"2921203";Miguel Calmon
"5100250";Alta Floresta
"2512747";Riachão
"3525409";Jeriquara
"5002605";Camapuã
"5007950";Tacuru
"3502309";Anhembi
"3540507";Porangaba
"2202059";Cabeceiras do Piauí
"4218855";União do Oeste
"4107702";Fênix
"5218300";Posse
"4218509";Treze Tílias
"4215109";Rodeio
"4300851";Arambaré
"5209606";Heitoraí
"2112407";Turiaçu
"3135076";Jampruca
"2102002";Bom Jardim
"3168705";Timóteo
"2923605";Paramirim
"4218103";Timbé do Sul
"2801504";Carmópolis
"3168804";Tiradentes
"2307635";Madalena
"3165537";Sarzedo
"4114807";Marialva
"2103802";Dom Pedro
"5219407";Santa Rita do Araguaia
"1100403";Alto Paraíso
"1100338";Nova Mamoré
"2605202";Escada
"3146404";Paineiras
"2925105";Poções
"4321105";Tapes
"4211009";Mondaí
"2917003";Itiúba
"3523206";Itararé
"3509908";Cananéia
"2611533";Quixaba
"3107901";Bom Repouso
"2302057";Barroquinha
"2615904";Tuparetama
"5208103";Formoso
"1400407";Normandia
"2932002";Uauá
"4317202";Santa Rosa
"3127107";Frutal
"2112803";Viana
"2210300";São Julião
"2313005";Solonópole
"3135605";Jequitaí
"1506187";Rondon do Pará
"5220058";São João da Paraúna
"1507300";São Félix do Xingu
"3549300";São João do Pau d'Alho
"3553500";Tapiraí
"2100873";Araguanã
"2803005";Itabaianinha
"3518602";Guariba
"4311239";Lagoa Bonita do Sul
"2407302";Marcelino Vieira
"1711951";Lagoa do Tocantins
"2919553";Luís Eduardo Magalhães
"1707405";Esperantina
"4304309";Cândido Godói
"2608404";Jurema
"2509107";Mari
"3541307";Presidente Epitácio
"2507101";Itapororoca
"3106804";Bias Fortes
"4121901";Ribeirão do Pinhal
"4321600";Tramandaí
"3163409";São José do Goiabal
"4208906";Jaraguá do Sul
"3165602";Senador Cortes
"2413805";Taboleiro Grande
"1300409";Barcelos
"4322376";Unistalda
"5205455";Cezarina
"3523008";Itapura
"4215679";Santa Terezinha
"4317905";Santo Cristo
"4317806";Santo Augusto
"2202406";Capitão de Campos
"4105904";Colorado
"4306072";Cristal do Sul
"3522505";Itapevi
"4100905";Amaporã
"3126109";Formiga
"4323002";Viamão
"4314498";Pinheirinho do Vale
"3114808";Carvalhos
"3105103";Bambuí
"5006408";Pedro Gomes
"2501708";Barra de São Miguel
"2105989";Lajeado Novo
"3117836";Cônego Marinho
"1302603";Manaus
"3551603";Serra Negra
"2902302";Aratuípe
"3132503";Itamarandiba
"4213005";Pinheiro Preto
"3144102";Muzambinho
"3538709";Piracicaba
"3101201";Aiuruoca
"3115003";Cascalho Rico
"5100201";Água Boa
"2918456";Jucuruçu
"3151503";Piumhi
"2209153";Santa Cruz dos Milagres
"4216404";São João do Sul
"3138401";Leopoldina
"3543907";Rio Claro
"3547403";Santa Rita d'Oeste
"4323804";Xangri-lá
"2100832";Apicum-Açu
"2301208";Aracoiaba
"2104206";Fortuna
"1503754";Jacareacanga
"2909901";Curaçá
"2202604";Castelo do Piauí
"2605103";Custódia
"3159704";Santa Rosa da Serra
"3507902";Brotas
"5221809";Urutaí
"3202603";Iconha
"3139805";Mar de Espanha
"4219358";Vitor Meireles
"3200201";Alegre
"2302305";Bela Cruz
"2905156";Caetanos
"4323705";Vista Gaúcha
"3126604";Francisco Dumont
"5003157";Coronel Sapucaia
"4310413";Inhacorá
"2616183";Vertente do Lério
"1713205";Miracema do Tocantins
"3107307";Bocaiúva
"4314704";Planalto
"5107602";Rondonópolis
"3548609";São Bento do Sapucaí
"3509809";Campos Novos Paulista
"2207355";Pajeú do Piauí
"2201150";Baixa Grande do Ribeiro
"2105922";Lagoa do Mato
"4308052";Faxinalzinho
"2910800";Feira de Santana
"5004601";Itaquiraí
"2102804";Carolina
"4317103";Sant'Ana do Livramento
"2913903";Ipiaú
"4321469";Tio Hugo
"2202653";Caxingó
"5214804";Nova Aurora
"3548203";Santo Antônio do Pinhal
"2107357";Nova Olinda do Maranhão
"3147808";Passa Vinte
"5209952";Indiara
"5101704";Barra do Bugres
"3128501";Guarará
"4319752";São Vendelino
"3144656";Ninheira
"5103304";Comodoro
"3117801";Conceição dos Ouros
"1500909";Augusto Corrêa
"4300455";Alegria
"2502201";Bom Jesus
"4124905";São João do Caiuá
"4123105";Santa Amélia
"2505808";Duas Estradas
"3501509";Alvinlândia
"4112306";Japira
"3109501";Cabo Verde
"4126900";Tapira
"2105609";Joselândia
"4304606";Canoas
"1301803";Ipixuna
"4203956";Capivari de Baixo
"3129657";Ibiracatu
"3102001";Alterosa
"2414308";Timbaúba dos Batistas
"2108603";Pinheiro
"2108108";Paulo Ramos
"3510906";Cássia dos Coqueiros
"1101468";Pimenteiras do Oeste
"3546405";Santa Cruz do Rio Pardo
"3204609";Santa Teresa
"1720101";São Bento do Tocantins
"3120409";Cristiano Otoni
"3509452";Campina do Monte Alegre
"3150406";Piedade dos Gerais
"4103602";Cambará
"5221007";Taquaral de Goiás
"4121000";Querência do Norte
"4314050";Parobé
"4215752";São Bernardino
"2604155";Casinhas
"2610905";Pesqueira
"2207900";Pedro II
"1508001";Tomé-Açu
"1303502";Pauini
"3500204";Adolfo
"5220157";São Luiz do Norte
"2504306";Catolé do Rocha
"2708709";São Miguel dos Milagres
"1400209";Caracaraí
"2206803";Nossa Senhora dos Remédios
"1709500";Gurupi
"3112802";Capitólio
"3304508";Rio das Flores
"3165552";Setubinha
"2700805";Belém
"3118809";Coração de Jesus
"2905107";Caém
"2404002";Frutuoso Gomes
"2414605";Upanema
"5201207";Anhanguera
"1502608";Colares
"1301308";Codajás
"2103752";Davinópolis
"1504455";Medicilândia
"2801405";Carira
"2807303";Telha
"4213351";Ponte Alta do Norte
"4104600";Capitão Leônidas Marques
"2514107";São João do Tigre
"3136801";Juramento
"2614303";Moreilândia
"3535408";Panorama
"4302808";Caçapava do Sul
"5207501";Estrela do Norte
"2202133";Campo Grande do Piauí
"2512507";Queimadas
"1400233";Caroebe
"4105300";Céu Azul
"4213708";Pouso Redondo
"4208708";Jacinto Machado
"5210562";Itaguari
"3531506";Monte Azul Paulista
"3171907";Virgolândia
"2917706";Jaguarari
"2413904";Taipu
"2306009";Iracema
"3115706";Central de Minas
"4107751";Figueira
"4319356";São Pedro da Serra
"3141801";Minas Novas
"4316477";Salvador das Missões
"3546009";Santa Branca
"4113759";Lunardelli
"3532157";Nantes
"3150703";Pirajuba
"4125506";São José dos Pinhais
"2103901";Duque Bacelar
"2900108";Abaíra
"4110706";Irati
"3501103";Alto Alegre
"5002803";Caracol
"3531100";Mongaguá
"4101903";Assaí
"3143203";Monte Santo de Minas
"4320206";Seberi
"3127206";Funilândia
"1101559";Teixeirópolis
"2204105";Francisco Ayres
"2918555";Jussari
"2300705";Alto Santo
"4308854";Gentil
"2923308";Ouriçangas
"2502904";Brejo dos Santos
"5204409";Caiapônia
"1200450";Senador Guiomard
"2210391";São Miguel do Fidalgo
"2709202";Traipu
"2107308";Nova Iorque
"2703809";Joaquim Gomes
"3514924";Elisiário
"2111573";São Pedro dos Crentes
"5200902";Amorinópolis
"3103751";Araporã
"4126504";Sertanópolis
"1703602";Brasilândia do Tocantins
"2801108";Canhoba
"4311304";Lagoa Vermelha
"2911303";Gentio do Ouro
"2512762";Riachão do Poço
"4304697";Capitão
"4126603";Siqueira Campos
"2303709";Caucaia
"2310308";Parambu
"2609204";Maraial
"1300060";Amaturá
"2807402";Tobias Barreto
"2501351";Assunção
"4114401";Mangueirinha
"2309201";Nova Olinda
"4117909";Palotina
"2506608";Ibiara
"2923704";Paratinga
"5209937";Inaciolândia
"3153400";Presidente Olegário
"3156700";Sabará
"1503044";Floresta do Araguaia
"3555505";Ubirajara
"3537800";Piedade
"3138609";Lima Duarte
"4304101";Campos Borges
"1722081";Wanderlândia
"2208304";Piracuruca
"5213756";Montividiu
"3520806";Inúbia Paulista
"2111904";Sucupira do Norte
"3111101";Campina Verde
"3508306";Cabrália Paulista
"4205803";Garuva
"2109502";Riachão
"2101400";Balsas
"4103206";Bom Sucesso
"3112208";Capela Nova
"2109601";Rosário
"4311106";Jaguari
"4125357";São Jorge do Patrocínio
"2506004";Esperança
"5104807";Jaciara
"3161403";São Francisco do Glória
"2305209";Hidrolândia
"2514206";São José da Lagoa Tapada
"4113304";Laranjeiras do Sul
"2415008";Vila Flor
"3111606";Campos Gerais
"5105259";Lucas do Rio Verde
"4106852";Cruzmaltina
"2414902";Viçosa
"3553658";Taquaral
"4202131";Bela Vista do Toldo
"2206696";Murici dos Portelas
"2201002";Arraial
"4304713";Caraá
"5216908";Pilar de Goiás
"2604106";Caruaru
"3521309";Ipuã
"2501534";Baraúna
"3118007";Congonhas
"2916906";Itiruçu
"4212908";Pinhalzinho
"3556107";Valentim Gentil
"2403608";Extremoz
"3154903";Rio Casca
"3109709";Cachoeira de Minas
"4315800";Roca Sales
"1303106";Nova Olinda do Norte
"2209955";São João da Varjota
"3101409";Albertina
"2203206";Curimatá
"2600054";Abreu e Lima
"2202778";Colônia do Piauí
"1100064";Colorado do Oeste
"3133600";Itapeva
"5105200";Juscimeira
"2303931";Choró
"2407104";Macaíba
"3137601";Lagoa Santa
"5214408";Nazário
"4201307";Araquari
"5003108";Corguinho
"3163003";São José da Safira
"1301001";Carauari
"4127403";Terra Roxa
"3553203";Taiúva
"4300471";Almirante Tamandaré do Sul
"4304655";Capão do Cipó
"2509057";Marcação
"4212650";Pescaria Brava
"5107909";Sinop
"2102754";Capinzal do Norte
"4302402";Bom Retiro do Sul
"3129004";Guiricema
"5103205";Colíder
"5102637";Campo Novo do Parecis
"3104809";Augusto de Lima
"4310801";Ivoti
"3160009";Santo Antônio do Aventureiro
"2209872";São João da Fronteira
"3523800";Itobi
"4214151";Princesa
"4215075";Riqueza
"3548500";Santos
"5007505";Rochedo
"2201960";Brasileira
"4108106";Flórida
"4300570";Alto Feliz
"3300100";Angra dos Reis
"2203404";Dom Expedito Lopes
"4204608";Criciúma
"5106455";Planalto da Serra
"4206306";Guabiruba
"4202081";Bandeirante
"3513405";Cruzeiro
"3549201";São João das Duas Pontes
"4315750";Riozinho
"2907103";Carinhanha
"3152808";Prata
"3103702";Araponga
"2601201";Arcoverde
"3512308";Conchas
"3122504";Dom Cavati
"3536703";Pederneiras
"2902906";Barra do Choça
"2910057";Dias d'Ávila
"2806404";Santana do São Francisco
"2309458";Ocara
"2205458";Joca Marques
"4109302";Guaraniaçu
"4204251";Cocal do Sul
"3147956";Patis
"4116109";Moreira Sales
"1507904";Soure
"4314068";Passa Sete
"4314803";Portão
"3148202";Patrocínio do Muriaé
"3102506";Amparo do Serra
"2210409";São Miguel do Tapuio
"4301602";Bagé
"3554102";Taubaté
"4114609";Marechal Cândido Rondon
"2604809";Cortês
"3203320";Marataízes
"3302056";Italva
"1711803";Juarina
"4101804";Araucária
"2108801";Pirapemas
"3122454";Divisópolis
"3152303";Porto Firme
"5106851";Porto Estrela
"2401404";Baía Formosa
"2202802";Conceição do Canindé
"2104008";Esperantinópolis
"2707008";Pindoba
"5005251";Laguna Carapã
"4320677";Sinimbu
"2400901";Antônio Martins
"2514800";São José dos Cordeiros
"2513653";Joca Claudino
"1707702";Filadélfia
"1507805";Senador José Porfírio
"2604502";Chã Grande
"2922201";Muniz Ferreira
"4200408";Água Doce
"4322608";Venâncio Aires
"4309902";Ibiraiaras
"2922508";Nazaré
"3519055";Holambra
"3131505";Ipuiúna
"2413300";Serra de São Bento
"4202909";Brusque
"4208005";Itá
"5103353";Confresa
"3165107";São Tomás de Aquino
"3541653";Quadra
"2411056";Tibau
"2923407";Palmas de Monte Alto
"3506102";Bebedouro
"4313441";Novo Tiradentes
"4202503";Bom Jardim da Serra
"3522901";Itapuí
"3116001";Chalé
"3510153";Canitar
"1501709";Bragança
"4305439";Chuí
"2208809";Regeneração
"2112506";Tutóia
"3204203";Piúma
"4313359";Nova Roma do Sul
"3123205";Dores do Indaiá
"3124401";Espírito Santo do Dourado
"3130903";Inhapim
"4118006";Paraíso do Norte
"5107263";Santo Afonso
"4309605";Horizontina
"3556453";Vargem Grande Paulista
"1301506";Envira
"3303104";Natividade
"3501152";Alumínio
"5101258";Araputanga
"2512788";Riacho de Santo Antônio
"2302107";Baturité
"2914406";Iraquara
"2107407";Olho d'Água das Cunhãs
"1712504";Marianópolis do Tocantins
"3100609";Água Boa
"1712009";Lajeado
"4316402";Rosário do Sul
"2407708";Montanhas
"4319000";São Marcos
"4319307";São Paulo das Missões
"5105101";Juara
"5201504";Aporé
"4304853";Carlos Gomes
"4125001";São João do Ivaí
"1501303";Barcarena
"5108055";Terra Nova do Norte
"2110609";São Bernardo
"1101435";Nova União
"3126703";Francisco Sá
"3511409";Cerqueira César
"1713809";Palmeiras do Tocantins
"2922409";Mutuípe
"3506805";Bocaina
"2300903";Apuiarés
"4108700";Grandes Rios
"4307203";Erval Grande
"3524006";Itupeva
"2932507";Una
"3117876";Confins
"1502855";Curuá
"4306759";Doutor Ricardo
"3103009";Antônio Dias
"5215801";Palmelo
"3520509";Indaiatuba
"2314003";Várzea Alegre
"1501006";Aveiro
"2304954";Guaiúba
"3152402";Poté
"2903409";Belmonte
"2400208";Açu
"3202009";Dores do Rio Preto
"2707800";Roteiro
"3148756";Pedra Bonita
"3543204";Ribeirão do Sul
"3539103";Pirapora do Bom Jesus
"3301876";Iguaba Grande
"3515400";Fartura
"3151206";Pirapora
"5208400";Goianápolis
"3150505";Pimenta
"3110707";Cambuquira
"2507408";Jericó
"2313252";Tarrafas
"2910008";Dário Meira
"3520905";Ipaussu
"3119955";Córrego Fundo
"3137908";Lamim
"2504157";Casserengue
"4313656";Palmares do Sul
"2926103";Retirolândia
"4211900";Palhoça
"4313706";Palmeira das Missões
"4207809";Irani
"3517505";Guapiaçu
"2309300";Nova Russas
"4103503";Califórnia
"2305100";Guaramiranga
"2305803";Ipu
"2510600";Ouro Velho
"2606903";Iguaracy
"4103305";Borrazópolis
"2312007";Santana do Acaraú
"3141306";Medeiros
"3540754";Potim
"3144607";Nepomuceno
"2902401";Aurelino Leal
"3131000";Inhaúma
"2920205";Malhada
"4200556";Águas Frias
"4125902";São Pedro do Paraná
"1500305";Afuá
"3170057";Ubaporanga
"3533304";Nova Luzitânia
"4209409";Laguna
"4320800";Soledade
"3118205";Conquista
"2502409";Bonito de Santa Fé
"2806909";São Francisco
"2909208";Coronel João Sá
"3500402";Águas da Prata
"4104501";Capanema
"4106001";Congonhinhas
"2301950";Barreira
"2922730";Nova Fátima
"1304203";Tefé
"4115903";Mirador
"2202117";Campo Alegre do Fidalgo
"2100055";Açailândia
"4103107";Bocaiúva do Sul
"1502772";Curionópolis
"1303957";São Sebastião do Uatumã
"5000807";Anaurilândia
"5007901";Sidrolândia
"4321006";Tapera
"2802809";Indiaroba
"1301605";Fonte Boa
"3300407";Barra Mansa
"2927804";Santa Cruz da Vitória
"4108908";Guairaçá
"1503408";Inhangapi
"4212502";Penha
"2515609";Serra da Raiz
"2210805";Simplício Mendes
"5211404";Itauçu
"3524303";Jaboticabal
"5107768";Santa Rita do Trivelato
"3534807";Ouro Verde
"2609808";Orocó
"2109304";Presidente Vargas
"4110052";Iguatu
"3157401";Santa Cruz do Escalvado
"2402204";Canguaretama
"5213400";Moiporá
"1100130";Machadinho D'Oeste
"2210623";Sebastião Barros
"4308102";Feliz
"4103057";Boa Vista da Aparecida
"2404606";Ielmo Marinho
"2403509";Espírito Santo
"4315156";Progresso
"1507102";São Caetano de Odivelas
"5219357";Santa Isabel
"3515905";Floreal
"4105409";Chopinzinho
"4316709";Santa Bárbara do Sul
"2704609";Maravilha
"2929602";Sapeaçu
"2104099";Formosa da Serra Negra
"2918605";Jussiape
"2901007";Amargosa
"3550506";São Pedro do Turvo
"4316808";Santa Cruz do Sul
"1504976";Nova Ipixuna
"4322905";Viadutos
"1702703";Aurora do Tocantins
"4117800";Palmital
"2915353";Itaguaçu da Bahia
"3165800";Senador José Bento
"2104651";Governador Newton Bello
"3519253";Iaras
"4301206";Arroio do Tigre
"2917359";Jaborandi
"2702207";Coqueiro Seco
"3125606";Felisburgo
"3511003";Castilho
"4118709";Paulo Frontin
"3100104";Abadia dos Dourados
"2301000";Aquiraz
"3130002";Ibituruna
"3142205";Miraí
"2309607";Pacajus
"2401453";Baraúna
"3100500";Açucena
"5205109";Catalão
"4118303";Paranapoema
"1502103";Cametá
"3520707";Indiaporã
"2504405";Conceição
"3123809";Engenheiro Navarro
"4321857";Três Palmeiras
"2924504";Pindaí
"3515657";Fernão
"4313201";Nova Petrópolis
"3518701";Guarujá
"4128104";Umuarama
"1703826";Cachoeirinha
"3116407";Claraval
"5218102";Portelândia
"4316105";Ronda Alta
"2307809";Marco
"2311108";Porteiras
"3504305";Avaí
"3516804";Gastão Vidigal
"3146255";Padre Carvalho
"4111407";Ivaí
"2602605";Brejo da Madre de Deus
"2412609";São Paulo do Potengi
"5209101";Goiatuba
"4309753";Ibarama
"5107776";Santa Terezinha
"3202553";Ibitirama
"2928307";Santanópolis
"3154507";Riacho dos Machados
"3141009";Mato Verde
"2922706";Nova Canaã
"3105400";Barão de Cocais
"3304904";São Gonçalo
"3518503";Guareí
"2205557";Lagoa Alegre
"4216255";São João do Oeste
"5205521";Colinas do Sul
"3105004";Baldim
"2907905";Cipó
"5205406";Ceres
"2202000";Buriti dos Lopes
"3528858";Marapoama
"4115853";Mercedes
"4107603";Faxinal
"3108404";Botelhos
"3550100";São Manuel
"2516805";Triunfo
"2516508";Taperoá
"3105301";Bandeira do Sul
"2304236";Croatá
"4205431";Formosa do Sul
"3100401";Acaiaca
"5215603";Padre Bernardo
"1718303";Praia Norte
"4312757";Nova Alvorada
"4312377";Monte Alegre dos Campos
"3533007";Nova Granada
"3554508";Tietê
"3501905";Amparo
"5004908";Jaraguari
"3117009";Comercinho
"4115507";Marumbi
"3546256";Santa Cruz da Esperança
"4305447";Chuvisca
"2513927";São Bentinho
"4120903";Quedas do Iguaçu
"3156601";Rubim
"4217105";São Martinho
"2104107";Fortaleza dos Nogueiras
"4103024";Boa Esperança do Iguaçu
"3137007";Ladainha
"3132305";Itaipé
"4128658";Virmond
"5212709";Mambaí
"2612208";Salgueiro
"4300901";Aratiba
"2927002";Rio Real
"3117603";Conceição do Pará
"1506203";Salinópolis
"3114204";Carmo do Cajuru
"4208807";Jaguaruna
"3114501";Carmópolis de Minas
"3103207";Araçaí
"3151305";Piraúba
"5210901";Itapaci
"3146552";Pai Pedro
"4312443";Morrinhos do Sul
"2305506";Iguatu
"4312203";Maximiliano de Almeida
"3547304";Santana de Parnaíba
"2209906";São João da Serra
"4108304";Foz do Iguaçu
"4213401";Ponte Serrada
"2203271";Curral Novo do Piauí
"3146008";Ouro Fino
"3526100";Juquiá
"3302403";Macaé
"5219738";Santo Antônio de Goiás
"1717206";Piraquê
"3508207";Buritizal
"3516002";Flórida Paulista
"2210359";São Lourenço do Piauí
"3133402";Itapagipe
"3502408";Anhumas
"3162302";São João da Mata
"3501301";Álvares Machado
"4315701";Rio Pardo
"5106422";Peixoto de Azevedo
"2602100";Bom Conselho
"5212006";Jaupaci
"3554656";Torre de Pedra
"2708105";Santana do Mundaú
"3537206";Pedro de Toledo
"2302206";Beberibe
"2406700";Lajes
"1100189";Pimenta Bueno
"1600154";Pedra Branca do Amapari
"2920502";Maracás
"2614402";Solidão
"4125100";São João do Triunfo
"4313466";Novo Xingu
"2209500";Santo Inácio do Piauí
"2904100";Boquira
"3503406";Arealva
"3145307";Novo Cruzeiro
"3304128";Quatis
"4119004";Pérola d'Oeste
"3157377";Santa Cruz de Salinas
"4217600";Siderópolis
"3537909";Pilar do Sul
"2112704";Vargem Grande
"3119005";Cordislândia
"3151107";Pirapetinga
"4322343";Ubiretama
"2503902";Camalaú
"3553609";Tapiratiba
"2902500";Baianópolis
"2103109";Cedral
"4314100";Passo Fundo
"4120408";Presidente Castelo Branco
"3528106";Macaubal
"2907400";Catolândia
"3140605";Materlândia
"4120655";Quarto Centenário
"3141603";Mercês
"2903102";Barra do Rocha
"4202602";Bom Retiro
"2906857";Capela do Alto Alegre
"2603207";Caetés
"4202057";Balneário Barra do Sul
"2509206";Massaranduba
"2516755";Tenório
"4217402";Schroeder
"2105807";Lago do Junco
"2703908";Jundiá
"2202075";Cajazeiras do Piauí
"3502804";Araçatuba
"2616100";Verdejante
"3116308";Cipotânea
"2206670";Morro do Chapéu do Piauí
"2512705";Remígio
"4207304";Imbituba
"5105507";Vila Bela da Santíssima Trindade
"2301257";Ararendá
"3127404";Gonçalves
"2918308";Jitaúna
"2602407";Brejão
"5202155";Araguapaz
"4106803";Cruz Machado
"3136207";João Monlevade
"4206702";Herval d'Oeste
"2906899";Caraíbas
"4115309";Mariópolis
"2930105";Senhor do Bonfim
"1304260";Uarini
"4126678";Tamarana
"3204302";Presidente Kennedy
"2509305";Mataraca
"1720978";Talismã
"2503704";Cajazeiras
"2102325";Buriticupu
"3161908";São Gonçalo do Rio Abaixo
"2514552";São José de Princesa
"3155009";Rio Doce
"3549805";São José do Rio Preto
"2206951";Novo Santo Antônio
"3130606";Inconfidentes
"3162609";São João do Oriente
"5106299";Paranaíta
"1508209";Vigia
"3504503";Avaré
"5005400";Maracaju
"1503507";Irituia
"2605301";Exu
"2501302";Aroeiras
"3171808";Virginópolis
"2110401";São Benedito do Rio Preto
"4312658";Não-Me-Toque
"3155702";Rio Piracicaba
"3150604";Piracema
"1702158";Araguanã
"2303808";Cedro
"3550308";São Paulo
"2106805";Mirinzal
"3549904";São José dos Campos
"4204152";Celso Ramos
"3136652";Juatuba
"3545407";Salto Grande
"2900801";Alcobaça
"2506301";Guarabira
"3111150";Campo Azul
"4123303";Santa Cruz de Monte Castelo
"3125002";Ewbank da Câmara
"3124302";Espinosa
"3541208";Presidente Bernardes
"2205532";Jurema
"2921609";Morpará
"2922805";Nova Itarana
"5200803";Alvorada do Norte
"2608107";João Alfredo
"2606606";Ibimirim
"3140209";Maripá de Minas
"3125101";Extrema
"2503209";Cabedelo
"3107604";Bom Jesus da Penha
"3129301";Iapu
"2900603";Aiquara
"1400605";São Luiz
"2502300";Bom Sucesso
"2211506";Vera Mendes
"2924603";Pindobaçu
"4308607";Garibaldi
"4311643";Linha Nova
"2210383";São Miguel da Baixa Grande
"3166501";Serra Azul de Minas
"5203807";Britânia
"2207405";Palmeira do Piauí
"4315305";Quaraí
"3110202";Cajuri
"2203354";Dirceu Arcoverde
"4215703";Santo Amaro da Imperatriz
"3539608";Planalto
"3519105";Iacanga
"3116803";Coluna
"2312304";São Benedito
"2308500";Mombaça
"4313334";Nova Ramada
"3161502";São Geraldo
"4306429";Dois Irmãos das Missões
"3501004";Altinópolis
"2928109";Santa Maria da Vitória
"5106828";Porto Esperidião
"3149903";Perdões
"3120870";Curral de Dentro
"5221304";Três Ranchos
"1302801";Maraã
"1503200";Igarapé-Açu
"4314076";Passo do Sobrado
"2903904";Bom Jesus da Lapa
"3152170";Ponto dos Volantes
"3529005";Marília
"3549409";São Joaquim da Barra
"4321667";Três Cachoeiras
"3504107";Atibaia
"3117207";Conceição das Pedras
"3100302";Abre Campo
"1500347";Água Azul do Norte
"2111672";São Roberto
"4306767";Eldorado do Sul
"2902104";Araci
"4203402";Campo Belo do Sul
"3521507";Irapuã
"4104253";Campo Magro
"3142254";Miravânia
"4312807";Nova Araçá
"4218608";Trombudo Central
"2500502";Alagoinha
"2105906";Lago Verde
"2505006";Cubati
"3102605";Andradas
"5105309";Luciara
"2804706";Nossa Senhora de Lourdes
"2602001";Bodocó
"4128807";Xambrê
"1506401";Santa Cruz do Arari
"2933505";Wenceslau Guimarães
"2200251";Alagoinha do Piauí
"1300607";Benjamin Constant
"4204350";Cordilheira Alta
"4212106";Palmitos
"2807006";São Miguel do Aleixo
"5102686";Campos de Júlio
"1302553";Manaquiri
"4304408";Canela
"2708303";São José da Laje
"2932606";Urandi
"2913705";Inhambupe
"2931202";Taperoá
"3553708";Taquaritinga
"2312106";Santana do Cariri
"2306553";Itarema
"4319802";São Vicente do Sul
"3110608";Cambuí
"3166709";Serra dos Aimorés
"2915601";Itamaraju
"2103125";Central do Maranhão
"1502905";Curuçá
"3149705";Perdigão
"4107736";Fernandes Pinheiro
"2512721";Pedro Régis
"3140852";Matias Cardoso
"3507753";Brejo Alegre
"3301009";Campos dos Goytacazes
"3505351";Barra do Chapéu
"2112001";Tasso Fragoso
"5007802";Selvíria
"2805307";Pirambu
"2104602";Governador Eugênio Barros
"2510105";Nova Floresta
"2408102";Natal
"2206100";Matias Olímpio
"4126801";Tapejara
"4319109";São Martinho
"3520301";Iguape
"3162807";São João Evangelista
"3522703";Itápolis
"2409803";Pedro Velho
"4315073";Porto Vera Cruz
"5108857";Nova Marilândia
"3143500";Morada Nova de Minas
"5105580";Marcelândia
"3137304";Lagoa dos Patos
"3130556";Imbé de Minas
"2309409";Novo Oriente
"5101407";Aripuanã
"5214903";Nova Roma
"1200252";Epitaciolândia
"5103908";General Carneiro
"2209005";Rio Grande do Piauí
"3171600";Virgem da Lapa
"4311130";Jari
"3556354";Vargem
"3522653";Itapirapuã Paulista
"4200200";Agrolândia
"3531001";Monções
"2707404";Porto de Pedras
"2103257";Cidelândia
"2709400";Viçosa
"2105427";Itinga do Maranhão
"2616209";Vertentes
"2706406";Pão de Açúcar
"2702108";Colônia Leopoldina
"3138906";Machacalis
"2612802";Santa Terezinha
"2105104";Icatu
"3163607";São José do Mantimento
"4107157";Diamante D'Oeste
"2603009";Cabrobó
"1400159";Bonfim
"2908606";Conde
"3300951";Comendador Levy Gasparian
"3162922";São Joaquim de Bicas
"3530904";Mombuca
"4202578";Bom Jesus do Oeste
"3118908";Cordisburgo
"4315958";Rolador
"3532603";Nhandeara
"3509205";Cajamar
"3522406";Itapeva
"4321436";Terra de Areia
"3116159";Chapada Gaúcha
"5101001";Araguaiana
"1507706";São Sebastião da Boa Vista
"5004007";Glória de Dourados
"3202108";Ecoporanga
"2929255";São Gabriel
"3524204";Jaborandi
"4312955";Nova Boa Vista
"4314134";Paulo Bento
"4127882";Tunas do Paraná
"2300754";Amontada
"5000906";Antônio João
"3203700";Muniz Freire
"3111507";Campos Altos
"3524105";Ituverava
"2603504";Camocim de São Félix
"4205704";Garopaba
"4103701";Cambé
"2933257";Vereda
"1600212";Cutias
"2914604";Irecê
"2106326";Maracaçumé
"3139607";Mantena
"5107743";Santa Cruz do Xingu
"1703305";Bom Jesus do Tocantins
"2608453";Lagoa do Carro
"2507200";Itatuba
"3112406";Capetinga
"4311791";Maratá
"2911402";Glória
"2504033";Capim
"4117404";Ourizona
"2931806";Tremedal
"2303204";Caririaçu
"3119104";Corinto
"2803401";Japoatã
"1600279";Laranjal do Jari
"2925758";Presidente Tancredo Neves
"2404903";Itaú
"3305752";Tanguá
"3301108";Cantagalo
"3141504";Mendes Pimentel
"3168507";Teixeiras
"2405504";Jardim de Angicos
"2907608";Central
"4100202";Adrianópolis
